ActivitySourceName,Activity,SectorSourceName,Sector,SectorType,Notes
EPA_State_GHGI,Agriculture - Nitrous Oxide from Agricultural Soil Management - Direct and indirect N2O emissions from agricultural soils - Agricultural Soil Management - Cropland - Direct,NAICS_2012_Code,111,,n2o_soil_direct
EPA_State_GHGI,Agriculture - Nitrous Oxide from Agricultural Soil Management - Direct and indirect N2O emissions from agricultural soils - Agricultural Soil Management - Grassland - Direct,NAICS_2012_Code,112,,n2o_soil_direct
EPA_State_GHGI,Agriculture - Nitrous Oxide from Agricultural Soil Management - Direct and indirect N2O emissions from agricultural soils - Agricultural Soil Management - Cropland - Indirect,NAICS_2012_Code,111,,n2o_soil_indirect
EPA_State_GHGI,Agriculture - Nitrous Oxide from Agricultural Soil Management - Direct and indirect N2O emissions from agricultural soils - Agricultural Soil Management - Grassland - Indirect,NAICS_2012_Code,112,,n2o_soil_indirect
EPA_State_GHGI,Agriculture - Enteric Fermentation - American Bison,NAICS_2012_Code,1129,,ag_livestock
EPA_State_GHGI,Agriculture - Enteric Fermentation - Beef Cattle,NAICS_2012_Code,1121,,ag_livestock
EPA_State_GHGI,Agriculture - Enteric Fermentation - Dairy Cattle,NAICS_2012_Code,1121,,ag_livestock
EPA_State_GHGI,Agriculture - Enteric Fermentation - Goats,NAICS_2012_Code,1124,,ag_livestock
EPA_State_GHGI,Agriculture - Enteric Fermentation - Horses,NAICS_2012_Code,1129,,ag_livestock
EPA_State_GHGI,Agriculture - Enteric Fermentation - Mules and Asses,NAICS_2012_Code,1129,,ag_livestock
EPA_State_GHGI,Agriculture - Enteric Fermentation - Sheep,NAICS_2012_Code,1124,,ag_livestock
EPA_State_GHGI,Agriculture - Enteric Fermentation - Swine,NAICS_2012_Code,1122,,ag_livestock
EPA_State_GHGI,Agriculture - Field Burning of Agricultural Residues - Cereals - Barley,NAICS_2012_Code,111199,,ag_burning
EPA_State_GHGI,Agriculture - Field Burning of Agricultural Residues - Cereals - Maize,NAICS_2012_Code,111150,,ag_burning
EPA_State_GHGI,Agriculture - Field Burning of Agricultural Residues - Cereals - Other - Oats,NAICS_2012_Code,111199,,ag_burning
EPA_State_GHGI,Agriculture - Field Burning of Agricultural Residues - Cereals - Other - Other Small Grains,NAICS_2012_Code,111199,,ag_burning
EPA_State_GHGI,Agriculture - Field Burning of Agricultural Residues - Cereals - Other - Rice,NAICS_2012_Code,11116,,ag_burning
EPA_State_GHGI,Agriculture - Field Burning of Agricultural Residues - Cereals - Other - Sorghum,NAICS_2012_Code,111199,,ag_burning
EPA_State_GHGI,Agriculture - Field Burning of Agricultural Residues - Cereals - Wheat,NAICS_2012_Code,11114,,ag_burning
EPA_State_GHGI,Agriculture - Field Burning of Agricultural Residues - Other - Cotton,NAICS_2012_Code,11192,,ag_burning
EPA_State_GHGI,Agriculture - Field Burning of Agricultural Residues - Other - Grass Hay,NAICS_2012_Code,11194,,ag_burning
EPA_State_GHGI,Agriculture - Field Burning of Agricultural Residues - Other - Legume Hay,NAICS_2012_Code,11194,,ag_burning
EPA_State_GHGI,Agriculture - Field Burning of Agricultural Residues - Other - Sunflower,NAICS_2012_Code,111120,,ag_burning
EPA_State_GHGI,Agriculture - Field Burning of Agricultural Residues - Other - Tobacco,NAICS_2012_Code,11191,,ag_burning
EPA_State_GHGI,Agriculture - Field Burning of Agricultural Residues - Other - Vegetables,NAICS_2012_Code,111219,,ag_burning
EPA_State_GHGI,Agriculture - Field Burning of Agricultural Residues - Pulses - Other - Chickpeas,NAICS_2012_Code,111130,,ag_burning
EPA_State_GHGI,Agriculture - Field Burning of Agricultural Residues - Pulses - Other - Dry Beans,NAICS_2012_Code,111130,,ag_burning
EPA_State_GHGI,Agriculture - Field Burning of Agricultural Residues - Pulses - Other - Lentils,NAICS_2012_Code,111130,,ag_burning
EPA_State_GHGI,Agriculture - Field Burning of Agricultural Residues - Pulses - Other - Peanuts,NAICS_2012_Code,111992,,ag_burning
EPA_State_GHGI,Agriculture - Field Burning of Agricultural Residues - Pulses - Other - Peas,NAICS_2012_Code,111130,,ag_burning
EPA_State_GHGI,Agriculture - Field Burning of Agricultural Residues - Pulses - Other - Soybeans,NAICS_2012_Code,11111,,ag_burning
EPA_State_GHGI,Agriculture - Field Burning of Agricultural Residues - Sugarcane,NAICS_2012_Code,11193,,ag_burning
EPA_State_GHGI,Agriculture - Field Burning of Agricultural Residues - Tubers and Roots - Other - Potatoes,NAICS_2012_Code,111211,,ag_burning
EPA_State_GHGI,Agriculture - Field Burning of Agricultural Residues - Tubers and Roots - Other - Sugarbeets,NAICS_2012_Code,111991,,ag_burning
EPA_State_GHGI,"Agriculture - Liming - CO2 Emissions from Liming, Urea Application and Other Carbon-Containing Fertilizers - Dolomite",NAICS_2012_Code,111,,liming
EPA_State_GHGI,"Agriculture - Liming - CO2 Emissions from Liming, Urea Application and Other Carbon-Containing Fertilizers - Dolomite",NAICS_2012_Code,112,,liming
EPA_State_GHGI,"Agriculture - Liming - CO2 Emissions from Liming, Urea Application and Other Carbon-Containing Fertilizers - Limestone",NAICS_2012_Code,111,,liming
EPA_State_GHGI,"Agriculture - Liming - CO2 Emissions from Liming, Urea Application and Other Carbon-Containing Fertilizers - Limestone",NAICS_2012_Code,112,,liming
EPA_State_GHGI,Agriculture - Manure Management - American Bison,NAICS_2012_Code,112990B,,ag_livestock
EPA_State_GHGI,Agriculture - Manure Management - Beef Cattle,NAICS_2012_Code,11211,,ag_livestock
EPA_State_GHGI,Agriculture - Manure Management - Bison,NAICS_2012_Code,112990B,,ag_livestock
EPA_State_GHGI,Agriculture - Manure Management - Dairy Cattle,NAICS_2012_Code,11212,,ag_livestock
EPA_State_GHGI,Agriculture - Manure Management - Dairy Heifers,NAICS_2012_Code,11212,,ag_livestock
EPA_State_GHGI,Agriculture - Manure Management - Goats,NAICS_2012_Code,11242,,ag_livestock
EPA_State_GHGI,Agriculture - Manure Management - Horses,NAICS_2012_Code,112920A,,ag_livestock
EPA_State_GHGI,Agriculture - Manure Management - Mules and Asses,NAICS_2012_Code,112920B,,ag_livestock
EPA_State_GHGI,Agriculture - Manure Management - Poultry,NAICS_2012_Code,1123,,ag_livestock
EPA_State_GHGI,Agriculture - Manure Management - Sheep,NAICS_2012_Code,11241,,ag_livestock
EPA_State_GHGI,Agriculture - Manure Management - Swine,NAICS_2012_Code,1122,,ag_livestock
EPA_State_GHGI,Agriculture - Rice Cultivation,NAICS_2012_Code,1111,,direct
EPA_State_GHGI,"Agriculture - Urea Fertilization - CO2 Emissions from Liming, Urea Application and Other Carbon-Containing Fertilizers",NAICS_2012_Code,111,,urea_fertilizer
EPA_State_GHGI,"Agriculture - Urea Fertilization - CO2 Emissions from Liming, Urea Application and Other Carbon-Containing Fertilizers",NAICS_2012_Code,112,,urea_fertilizer
EPA_State_GHGI,Industry - Abandoned Oil and Gas Wells - Fugitives - Abandoned Wells - Gas,NAICS_2012_Code,2111,,direct
EPA_State_GHGI,Industry - Abandoned Oil and Gas Wells - Fugitives - Abandoned Wells - Oil,NAICS_2012_Code,2111,,direct
EPA_State_GHGI,Industry - Abandoned Underground Coal Mines - Fugitives - Abandoned Coal Mines - Liberated ,NAICS_2012_Code,2121,,direct
EPA_State_GHGI,Industry - Abandoned Underground Coal Mines - Fugitives - Abandoned Coal Mines - Recovered &Used,NAICS_2012_Code,2121,,direct
EPA_State_GHGI,Industry - Coal Mining - Fugitives - CO2 From Methane Flaring,NAICS_2012_Code,2121,,direct
EPA_State_GHGI,Industry - Coal Mining - Fugitives - Post-Mining (Surface),NAICS_2012_Code,2121,,direct
EPA_State_GHGI,Industry - Coal Mining - Fugitives - Post-Mining (Underground),NAICS_2012_Code,2121,,direct
EPA_State_GHGI,Industry - Coal Mining - Fugitives - Surface Mining,NAICS_2012_Code,2121,,direct
EPA_State_GHGI,Industry - Coal Mining - Fugitives - Underground Liberated,NAICS_2012_Code,2121,,direct
EPA_State_GHGI,Industry - Coal Mining - Fugitives - Underground Recovered &Used,NAICS_2012_Code,2121,,direct
EPA_State_GHGI,Industry - Coal Mining - Fugitives - Underground Recovered &Used For Energy,NAICS_2012_Code,2121,,direct
EPA_State_GHGI,Commercial - Stationary Combustion - Fossil Fuel Combustion - Biomass - Wood,NAICS_2012_Code,2213,,ind_com_ch4_n2o
EPA_State_GHGI,Commercial - Stationary Combustion - Fossil Fuel Combustion - Biomass - Wood,NAICS_2012_Code,42,,ind_com_ch4_n2o
EPA_State_GHGI,Commercial - Stationary Combustion - Fossil Fuel Combustion - Biomass - Wood,NAICS_2012_Code,44,,ind_com_ch4_n2o
EPA_State_GHGI,Commercial - Stationary Combustion - Fossil Fuel Combustion - Biomass - Wood,NAICS_2012_Code,45,,ind_com_ch4_n2o
EPA_State_GHGI,Commercial - Stationary Combustion - Fossil Fuel Combustion - Biomass - Wood,NAICS_2012_Code,493,,ind_com_ch4_n2o
EPA_State_GHGI,Commercial - Stationary Combustion - Fossil Fuel Combustion - Biomass - Wood,NAICS_2012_Code,51,,ind_com_ch4_n2o
EPA_State_GHGI,Commercial - Stationary Combustion - Fossil Fuel Combustion - Biomass - Wood,NAICS_2012_Code,52,,ind_com_ch4_n2o
EPA_State_GHGI,Commercial - Stationary Combustion - Fossil Fuel Combustion - Biomass - Wood,NAICS_2012_Code,53,,ind_com_ch4_n2o
EPA_State_GHGI,Commercial - Stationary Combustion - Fossil Fuel Combustion - Biomass - Wood,NAICS_2012_Code,54,,ind_com_ch4_n2o
EPA_State_GHGI,Commercial - Stationary Combustion - Fossil Fuel Combustion - Biomass - Wood,NAICS_2012_Code,55,,ind_com_ch4_n2o
EPA_State_GHGI,Commercial - Stationary Combustion - Fossil Fuel Combustion - Biomass - Wood,NAICS_2012_Code,56,,ind_com_ch4_n2o
EPA_State_GHGI,Commercial - Stationary Combustion - Fossil Fuel Combustion - Biomass - Wood,NAICS_2012_Code,61,,ind_com_ch4_n2o
EPA_State_GHGI,Commercial - Stationary Combustion - Fossil Fuel Combustion - Biomass - Wood,NAICS_2012_Code,62,,ind_com_ch4_n2o
EPA_State_GHGI,Commercial - Stationary Combustion - Fossil Fuel Combustion - Biomass - Wood,NAICS_2012_Code,71,,ind_com_ch4_n2o
EPA_State_GHGI,Commercial - Stationary Combustion - Fossil Fuel Combustion - Biomass - Wood,NAICS_2012_Code,72,,ind_com_ch4_n2o
EPA_State_GHGI,Commercial - Stationary Combustion - Fossil Fuel Combustion - Biomass - Wood,NAICS_2012_Code,81,,ind_com_ch4_n2o
EPA_State_GHGI,Commercial - Stationary Combustion - Fossil Fuel Combustion - Biomass - Wood,NAICS_2012_Code,923,,ind_com_ch4_n2o
EPA_State_GHGI,Commercial - Stationary Combustion - Fossil Fuel Combustion - Biomass - Wood,NAICS_2012_Code,927,,ind_com_ch4_n2o
EPA_State_GHGI,Commercial - Stationary Combustion - Fossil Fuel Combustion - Coal,NAICS_2012_Code,2213,,ind_com_ch4_n2o
EPA_State_GHGI,Commercial - Stationary Combustion - Fossil Fuel Combustion - Coal,NAICS_2012_Code,42,,ind_com_ch4_n2o
EPA_State_GHGI,Commercial - Stationary Combustion - Fossil Fuel Combustion - Coal,NAICS_2012_Code,44,,ind_com_ch4_n2o
EPA_State_GHGI,Commercial - Stationary Combustion - Fossil Fuel Combustion - Coal,NAICS_2012_Code,45,,ind_com_ch4_n2o
EPA_State_GHGI,Commercial - Stationary Combustion - Fossil Fuel Combustion - Coal,NAICS_2012_Code,493,,ind_com_ch4_n2o
EPA_State_GHGI,Commercial - Stationary Combustion - Fossil Fuel Combustion - Coal,NAICS_2012_Code,51,,ind_com_ch4_n2o
EPA_State_GHGI,Commercial - Stationary Combustion - Fossil Fuel Combustion - Coal,NAICS_2012_Code,52,,ind_com_ch4_n2o
EPA_State_GHGI,Commercial - Stationary Combustion - Fossil Fuel Combustion - Coal,NAICS_2012_Code,53,,ind_com_ch4_n2o
EPA_State_GHGI,Commercial - Stationary Combustion - Fossil Fuel Combustion - Coal,NAICS_2012_Code,54,,ind_com_ch4_n2o
EPA_State_GHGI,Commercial - Stationary Combustion - Fossil Fuel Combustion - Coal,NAICS_2012_Code,55,,ind_com_ch4_n2o
EPA_State_GHGI,Commercial - Stationary Combustion - Fossil Fuel Combustion - Coal,NAICS_2012_Code,56,,ind_com_ch4_n2o
EPA_State_GHGI,Commercial - Stationary Combustion - Fossil Fuel Combustion - Coal,NAICS_2012_Code,61,,ind_com_ch4_n2o
EPA_State_GHGI,Commercial - Stationary Combustion - Fossil Fuel Combustion - Coal,NAICS_2012_Code,62,,ind_com_ch4_n2o
EPA_State_GHGI,Commercial - Stationary Combustion - Fossil Fuel Combustion - Coal,NAICS_2012_Code,71,,ind_com_ch4_n2o
EPA_State_GHGI,Commercial - Stationary Combustion - Fossil Fuel Combustion - Coal,NAICS_2012_Code,72,,ind_com_ch4_n2o
EPA_State_GHGI,Commercial - Stationary Combustion - Fossil Fuel Combustion - Coal,NAICS_2012_Code,81,,ind_com_ch4_n2o
EPA_State_GHGI,Commercial - Stationary Combustion - Fossil Fuel Combustion - Coal,NAICS_2012_Code,923,,ind_com_ch4_n2o
EPA_State_GHGI,Commercial - Stationary Combustion - Fossil Fuel Combustion - Coal,NAICS_2012_Code,927,,ind_com_ch4_n2o
EPA_State_GHGI,Commercial - Stationary Combustion - Fossil Fuel Combustion - Natural Gas,NAICS_2012_Code,2213,,ind_com_ch4_n2o
EPA_State_GHGI,Commercial - Stationary Combustion - Fossil Fuel Combustion - Natural Gas,NAICS_2012_Code,42,,ind_com_ch4_n2o
EPA_State_GHGI,Commercial - Stationary Combustion - Fossil Fuel Combustion - Natural Gas,NAICS_2012_Code,44,,ind_com_ch4_n2o
EPA_State_GHGI,Commercial - Stationary Combustion - Fossil Fuel Combustion - Natural Gas,NAICS_2012_Code,45,,ind_com_ch4_n2o
EPA_State_GHGI,Commercial - Stationary Combustion - Fossil Fuel Combustion - Natural Gas,NAICS_2012_Code,493,,ind_com_ch4_n2o
EPA_State_GHGI,Commercial - Stationary Combustion - Fossil Fuel Combustion - Natural Gas,NAICS_2012_Code,51,,ind_com_ch4_n2o
EPA_State_GHGI,Commercial - Stationary Combustion - Fossil Fuel Combustion - Natural Gas,NAICS_2012_Code,52,,ind_com_ch4_n2o
EPA_State_GHGI,Commercial - Stationary Combustion - Fossil Fuel Combustion - Natural Gas,NAICS_2012_Code,53,,ind_com_ch4_n2o
EPA_State_GHGI,Commercial - Stationary Combustion - Fossil Fuel Combustion - Natural Gas,NAICS_2012_Code,54,,ind_com_ch4_n2o
EPA_State_GHGI,Commercial - Stationary Combustion - Fossil Fuel Combustion - Natural Gas,NAICS_2012_Code,55,,ind_com_ch4_n2o
EPA_State_GHGI,Commercial - Stationary Combustion - Fossil Fuel Combustion - Natural Gas,NAICS_2012_Code,56,,ind_com_ch4_n2o
EPA_State_GHGI,Commercial - Stationary Combustion - Fossil Fuel Combustion - Natural Gas,NAICS_2012_Code,61,,ind_com_ch4_n2o
EPA_State_GHGI,Commercial - Stationary Combustion - Fossil Fuel Combustion - Natural Gas,NAICS_2012_Code,62,,ind_com_ch4_n2o
EPA_State_GHGI,Commercial - Stationary Combustion - Fossil Fuel Combustion - Natural Gas,NAICS_2012_Code,71,,ind_com_ch4_n2o
EPA_State_GHGI,Commercial - Stationary Combustion - Fossil Fuel Combustion - Natural Gas,NAICS_2012_Code,72,,ind_com_ch4_n2o
EPA_State_GHGI,Commercial - Stationary Combustion - Fossil Fuel Combustion - Natural Gas,NAICS_2012_Code,81,,ind_com_ch4_n2o
EPA_State_GHGI,Commercial - Stationary Combustion - Fossil Fuel Combustion - Natural Gas,NAICS_2012_Code,923,,ind_com_ch4_n2o
EPA_State_GHGI,Commercial - Stationary Combustion - Fossil Fuel Combustion - Natural Gas,NAICS_2012_Code,927,,ind_com_ch4_n2o
EPA_State_GHGI,Commercial - Stationary Combustion - Fossil Fuel Combustion - Petroleum,NAICS_2012_Code,2213,,ind_com_ch4_n2o
EPA_State_GHGI,Commercial - Stationary Combustion - Fossil Fuel Combustion - Petroleum,NAICS_2012_Code,42,,ind_com_ch4_n2o
EPA_State_GHGI,Commercial - Stationary Combustion - Fossil Fuel Combustion - Petroleum,NAICS_2012_Code,44,,ind_com_ch4_n2o
EPA_State_GHGI,Commercial - Stationary Combustion - Fossil Fuel Combustion - Petroleum,NAICS_2012_Code,45,,ind_com_ch4_n2o
EPA_State_GHGI,Commercial - Stationary Combustion - Fossil Fuel Combustion - Petroleum,NAICS_2012_Code,493,,ind_com_ch4_n2o
EPA_State_GHGI,Commercial - Stationary Combustion - Fossil Fuel Combustion - Petroleum,NAICS_2012_Code,51,,ind_com_ch4_n2o
EPA_State_GHGI,Commercial - Stationary Combustion - Fossil Fuel Combustion - Petroleum,NAICS_2012_Code,52,,ind_com_ch4_n2o
EPA_State_GHGI,Commercial - Stationary Combustion - Fossil Fuel Combustion - Petroleum,NAICS_2012_Code,53,,ind_com_ch4_n2o
EPA_State_GHGI,Commercial - Stationary Combustion - Fossil Fuel Combustion - Petroleum,NAICS_2012_Code,54,,ind_com_ch4_n2o
EPA_State_GHGI,Commercial - Stationary Combustion - Fossil Fuel Combustion - Petroleum,NAICS_2012_Code,55,,ind_com_ch4_n2o
EPA_State_GHGI,Commercial - Stationary Combustion - Fossil Fuel Combustion - Petroleum,NAICS_2012_Code,56,,ind_com_ch4_n2o
EPA_State_GHGI,Commercial - Stationary Combustion - Fossil Fuel Combustion - Petroleum,NAICS_2012_Code,61,,ind_com_ch4_n2o
EPA_State_GHGI,Commercial - Stationary Combustion - Fossil Fuel Combustion - Petroleum,NAICS_2012_Code,62,,ind_com_ch4_n2o
EPA_State_GHGI,Commercial - Stationary Combustion - Fossil Fuel Combustion - Petroleum,NAICS_2012_Code,71,,ind_com_ch4_n2o
EPA_State_GHGI,Commercial - Stationary Combustion - Fossil Fuel Combustion - Petroleum,NAICS_2012_Code,72,,ind_com_ch4_n2o
EPA_State_GHGI,Commercial - Stationary Combustion - Fossil Fuel Combustion - Petroleum,NAICS_2012_Code,81,,ind_com_ch4_n2o
EPA_State_GHGI,Commercial - Stationary Combustion - Fossil Fuel Combustion - Petroleum,NAICS_2012_Code,923,,ind_com_ch4_n2o
EPA_State_GHGI,Commercial - Stationary Combustion - Fossil Fuel Combustion - Petroleum,NAICS_2012_Code,927,,ind_com_ch4_n2o
EPA_State_GHGI,Commercial - Carbon Dioxide from Fossil Fuel Combustion - Fossil Fuel Combustion - Coal,NAICS_2012_Code,2213,,use_table_coal
EPA_State_GHGI,Commercial - Carbon Dioxide from Fossil Fuel Combustion - Fossil Fuel Combustion - Coal,NAICS_2012_Code,42,,use_table_coal
EPA_State_GHGI,Commercial - Carbon Dioxide from Fossil Fuel Combustion - Fossil Fuel Combustion - Coal,NAICS_2012_Code,44,,use_table_coal
EPA_State_GHGI,Commercial - Carbon Dioxide from Fossil Fuel Combustion - Fossil Fuel Combustion - Coal,NAICS_2012_Code,45,,use_table_coal
EPA_State_GHGI,Commercial - Carbon Dioxide from Fossil Fuel Combustion - Fossil Fuel Combustion - Coal,NAICS_2012_Code,493,,use_table_coal
EPA_State_GHGI,Commercial - Carbon Dioxide from Fossil Fuel Combustion - Fossil Fuel Combustion - Coal,NAICS_2012_Code,51,,use_table_coal
EPA_State_GHGI,Commercial - Carbon Dioxide from Fossil Fuel Combustion - Fossil Fuel Combustion - Coal,NAICS_2012_Code,52,,use_table_coal
EPA_State_GHGI,Commercial - Carbon Dioxide from Fossil Fuel Combustion - Fossil Fuel Combustion - Coal,NAICS_2012_Code,53,,use_table_coal
EPA_State_GHGI,Commercial - Carbon Dioxide from Fossil Fuel Combustion - Fossil Fuel Combustion - Coal,NAICS_2012_Code,54,,use_table_coal
EPA_State_GHGI,Commercial - Carbon Dioxide from Fossil Fuel Combustion - Fossil Fuel Combustion - Coal,NAICS_2012_Code,55,,use_table_coal
EPA_State_GHGI,Commercial - Carbon Dioxide from Fossil Fuel Combustion - Fossil Fuel Combustion - Coal,NAICS_2012_Code,56,,use_table_coal
EPA_State_GHGI,Commercial - Carbon Dioxide from Fossil Fuel Combustion - Fossil Fuel Combustion - Coal,NAICS_2012_Code,61,,use_table_coal
EPA_State_GHGI,Commercial - Carbon Dioxide from Fossil Fuel Combustion - Fossil Fuel Combustion - Coal,NAICS_2012_Code,62,,use_table_coal
EPA_State_GHGI,Commercial - Carbon Dioxide from Fossil Fuel Combustion - Fossil Fuel Combustion - Coal,NAICS_2012_Code,71,,use_table_coal
EPA_State_GHGI,Commercial - Carbon Dioxide from Fossil Fuel Combustion - Fossil Fuel Combustion - Coal,NAICS_2012_Code,72,,use_table_coal
EPA_State_GHGI,Commercial - Carbon Dioxide from Fossil Fuel Combustion - Fossil Fuel Combustion - Coal,NAICS_2012_Code,81,,use_table_coal
EPA_State_GHGI,Commercial - Carbon Dioxide from Fossil Fuel Combustion - Fossil Fuel Combustion - Coal,NAICS_2012_Code,923,,use_table_coal
EPA_State_GHGI,Commercial - Carbon Dioxide from Fossil Fuel Combustion - Fossil Fuel Combustion - Coal,NAICS_2012_Code,927,,use_table_coal
EPA_State_GHGI,Commercial - Carbon Dioxide from Fossil Fuel Combustion - Fossil Fuel Combustion - Natural Gas,NAICS_2012_Code,2213,,use_table_gas
EPA_State_GHGI,Commercial - Carbon Dioxide from Fossil Fuel Combustion - Fossil Fuel Combustion - Natural Gas,NAICS_2012_Code,42,,use_table_gas
EPA_State_GHGI,Commercial - Carbon Dioxide from Fossil Fuel Combustion - Fossil Fuel Combustion - Natural Gas,NAICS_2012_Code,44,,use_table_gas
EPA_State_GHGI,Commercial - Carbon Dioxide from Fossil Fuel Combustion - Fossil Fuel Combustion - Natural Gas,NAICS_2012_Code,45,,use_table_gas
EPA_State_GHGI,Commercial - Carbon Dioxide from Fossil Fuel Combustion - Fossil Fuel Combustion - Natural Gas,NAICS_2012_Code,493,,use_table_gas
EPA_State_GHGI,Commercial - Carbon Dioxide from Fossil Fuel Combustion - Fossil Fuel Combustion - Natural Gas,NAICS_2012_Code,51,,use_table_gas
EPA_State_GHGI,Commercial - Carbon Dioxide from Fossil Fuel Combustion - Fossil Fuel Combustion - Natural Gas,NAICS_2012_Code,52,,use_table_gas
EPA_State_GHGI,Commercial - Carbon Dioxide from Fossil Fuel Combustion - Fossil Fuel Combustion - Natural Gas,NAICS_2012_Code,53,,use_table_gas
EPA_State_GHGI,Commercial - Carbon Dioxide from Fossil Fuel Combustion - Fossil Fuel Combustion - Natural Gas,NAICS_2012_Code,54,,use_table_gas
EPA_State_GHGI,Commercial - Carbon Dioxide from Fossil Fuel Combustion - Fossil Fuel Combustion - Natural Gas,NAICS_2012_Code,55,,use_table_gas
EPA_State_GHGI,Commercial - Carbon Dioxide from Fossil Fuel Combustion - Fossil Fuel Combustion - Natural Gas,NAICS_2012_Code,56,,use_table_gas
EPA_State_GHGI,Commercial - Carbon Dioxide from Fossil Fuel Combustion - Fossil Fuel Combustion - Natural Gas,NAICS_2012_Code,61,,use_table_gas
EPA_State_GHGI,Commercial - Carbon Dioxide from Fossil Fuel Combustion - Fossil Fuel Combustion - Natural Gas,NAICS_2012_Code,62,,use_table_gas
EPA_State_GHGI,Commercial - Carbon Dioxide from Fossil Fuel Combustion - Fossil Fuel Combustion - Natural Gas,NAICS_2012_Code,71,,use_table_gas
EPA_State_GHGI,Commercial - Carbon Dioxide from Fossil Fuel Combustion - Fossil Fuel Combustion - Natural Gas,NAICS_2012_Code,72,,use_table_gas
EPA_State_GHGI,Commercial - Carbon Dioxide from Fossil Fuel Combustion - Fossil Fuel Combustion - Natural Gas,NAICS_2012_Code,81,,use_table_gas
EPA_State_GHGI,Commercial - Carbon Dioxide from Fossil Fuel Combustion - Fossil Fuel Combustion - Natural Gas,NAICS_2012_Code,923,,use_table_gas
EPA_State_GHGI,Commercial - Carbon Dioxide from Fossil Fuel Combustion - Fossil Fuel Combustion - Natural Gas,NAICS_2012_Code,927,,use_table_gas
EPA_State_GHGI,Commercial - Carbon Dioxide from Fossil Fuel Combustion - Fossil Fuel Combustion - Petroleum,NAICS_2012_Code,2213,,use_table_pet
EPA_State_GHGI,Commercial - Carbon Dioxide from Fossil Fuel Combustion - Fossil Fuel Combustion - Petroleum,NAICS_2012_Code,42,,use_table_pet
EPA_State_GHGI,Commercial - Carbon Dioxide from Fossil Fuel Combustion - Fossil Fuel Combustion - Petroleum,NAICS_2012_Code,44,,use_table_pet
EPA_State_GHGI,Commercial - Carbon Dioxide from Fossil Fuel Combustion - Fossil Fuel Combustion - Petroleum,NAICS_2012_Code,45,,use_table_pet
EPA_State_GHGI,Commercial - Carbon Dioxide from Fossil Fuel Combustion - Fossil Fuel Combustion - Petroleum,NAICS_2012_Code,493,,use_table_pet
EPA_State_GHGI,Commercial - Carbon Dioxide from Fossil Fuel Combustion - Fossil Fuel Combustion - Petroleum,NAICS_2012_Code,51,,use_table_pet
EPA_State_GHGI,Commercial - Carbon Dioxide from Fossil Fuel Combustion - Fossil Fuel Combustion - Petroleum,NAICS_2012_Code,52,,use_table_pet
EPA_State_GHGI,Commercial - Carbon Dioxide from Fossil Fuel Combustion - Fossil Fuel Combustion - Petroleum,NAICS_2012_Code,53,,use_table_pet
EPA_State_GHGI,Commercial - Carbon Dioxide from Fossil Fuel Combustion - Fossil Fuel Combustion - Petroleum,NAICS_2012_Code,54,,use_table_pet
EPA_State_GHGI,Commercial - Carbon Dioxide from Fossil Fuel Combustion - Fossil Fuel Combustion - Petroleum,NAICS_2012_Code,55,,use_table_pet
EPA_State_GHGI,Commercial - Carbon Dioxide from Fossil Fuel Combustion - Fossil Fuel Combustion - Petroleum,NAICS_2012_Code,56,,use_table_pet
EPA_State_GHGI,Commercial - Carbon Dioxide from Fossil Fuel Combustion - Fossil Fuel Combustion - Petroleum,NAICS_2012_Code,61,,use_table_pet
EPA_State_GHGI,Commercial - Carbon Dioxide from Fossil Fuel Combustion - Fossil Fuel Combustion - Petroleum,NAICS_2012_Code,62,,use_table_pet
EPA_State_GHGI,Commercial - Carbon Dioxide from Fossil Fuel Combustion - Fossil Fuel Combustion - Petroleum,NAICS_2012_Code,71,,use_table_pet
EPA_State_GHGI,Commercial - Carbon Dioxide from Fossil Fuel Combustion - Fossil Fuel Combustion - Petroleum,NAICS_2012_Code,72,,use_table_pet
EPA_State_GHGI,Commercial - Carbon Dioxide from Fossil Fuel Combustion - Fossil Fuel Combustion - Petroleum,NAICS_2012_Code,81,,use_table_pet
EPA_State_GHGI,Commercial - Carbon Dioxide from Fossil Fuel Combustion - Fossil Fuel Combustion - Petroleum,NAICS_2012_Code,923,,use_table_pet
EPA_State_GHGI,Commercial - Carbon Dioxide from Fossil Fuel Combustion - Fossil Fuel Combustion - Petroleum,NAICS_2012_Code,927,,use_table_pet
EPA_State_GHGI,Electric Power Industry - Stationary Combustion - Fossil Fuel Combustion - Electricity Generation - Biomass - Wood,NAICS_2012_Code,2211,,electric_ch4_n2o
EPA_State_GHGI,Electric Power Industry - Stationary Combustion - Fossil Fuel Combustion - Electricity Generation - Biomass - Wood,NAICS_2012_Code,S00101,,electric_ch4_n2o
EPA_State_GHGI,Electric Power Industry - Stationary Combustion - Fossil Fuel Combustion - Electricity Generation - Biomass - Wood,NAICS_2012_Code,S00202,,electric_ch4_n2o
EPA_State_GHGI,Electric Power Industry - Stationary Combustion - Fossil Fuel Combustion - Electricity Generation - Coal,NAICS_2012_Code,2211,,electric_ch4_n2o
EPA_State_GHGI,Electric Power Industry - Stationary Combustion - Fossil Fuel Combustion - Electricity Generation - Coal,NAICS_2012_Code,S00101,,electric_ch4_n2o
EPA_State_GHGI,Electric Power Industry - Stationary Combustion - Fossil Fuel Combustion - Electricity Generation - Coal,NAICS_2012_Code,S00202,,electric_ch4_n2o
EPA_State_GHGI,Electric Power Industry - Stationary Combustion - Fossil Fuel Combustion - Electricity Generation - Natural Gas,NAICS_2012_Code,2211,,electric_ch4_n2o
EPA_State_GHGI,Electric Power Industry - Stationary Combustion - Fossil Fuel Combustion - Electricity Generation - Natural Gas,NAICS_2012_Code,S00101,,electric_ch4_n2o
EPA_State_GHGI,Electric Power Industry - Stationary Combustion - Fossil Fuel Combustion - Electricity Generation - Natural Gas,NAICS_2012_Code,S00202,,electric_ch4_n2o
EPA_State_GHGI,Electric Power Industry - Stationary Combustion - Fossil Fuel Combustion - Electricity Generation - Petroleum,NAICS_2012_Code,2211,,electric_ch4_n2o
EPA_State_GHGI,Electric Power Industry - Stationary Combustion - Fossil Fuel Combustion - Electricity Generation - Petroleum,NAICS_2012_Code,S00101,,electric_ch4_n2o
EPA_State_GHGI,Electric Power Industry - Stationary Combustion - Fossil Fuel Combustion - Electricity Generation - Petroleum,NAICS_2012_Code,S00202,,electric_ch4_n2o
EPA_State_GHGI,Electric Power Industry - Carbon Dioxide from Fossil Fuel Combustion - Fossil Fuel Combustion - Electricity Generation - Coal,NAICS_2012_Code,2211,,electric_power
EPA_State_GHGI,Electric Power Industry - Carbon Dioxide from Fossil Fuel Combustion - Fossil Fuel Combustion - Electricity Generation - Coal,NAICS_2012_Code,S00101,,electric_power
EPA_State_GHGI,Electric Power Industry - Carbon Dioxide from Fossil Fuel Combustion - Fossil Fuel Combustion - Electricity Generation - Coal,NAICS_2012_Code,S00202,,electric_power
EPA_State_GHGI,Electric Power Industry - Carbon Dioxide from Fossil Fuel Combustion - Fossil Fuel Combustion - Electricity Generation - Geothermal,NAICS_2012_Code,2211,,electric_power
EPA_State_GHGI,Electric Power Industry - Carbon Dioxide from Fossil Fuel Combustion - Fossil Fuel Combustion - Electricity Generation - Geothermal,NAICS_2012_Code,S00101,,electric_power
EPA_State_GHGI,Electric Power Industry - Carbon Dioxide from Fossil Fuel Combustion - Fossil Fuel Combustion - Electricity Generation - Geothermal,NAICS_2012_Code,S00202,,electric_power
EPA_State_GHGI,Electric Power Industry - Carbon Dioxide from Fossil Fuel Combustion - Fossil Fuel Combustion - Electricity Generation - Natural Gas,NAICS_2012_Code,2211,,electric_power
EPA_State_GHGI,Electric Power Industry - Carbon Dioxide from Fossil Fuel Combustion - Fossil Fuel Combustion - Electricity Generation - Natural Gas,NAICS_2012_Code,S00101,,electric_power
EPA_State_GHGI,Electric Power Industry - Carbon Dioxide from Fossil Fuel Combustion - Fossil Fuel Combustion - Electricity Generation - Natural Gas,NAICS_2012_Code,S00202,,electric_power
EPA_State_GHGI,Electric Power Industry - Carbon Dioxide from Fossil Fuel Combustion - Fossil Fuel Combustion - Electricity Generation - Petroleum,NAICS_2012_Code,2211,,electric_power
EPA_State_GHGI,Electric Power Industry - Carbon Dioxide from Fossil Fuel Combustion - Fossil Fuel Combustion - Electricity Generation - Petroleum,NAICS_2012_Code,S00101,,electric_power
EPA_State_GHGI,Electric Power Industry - Carbon Dioxide from Fossil Fuel Combustion - Fossil Fuel Combustion - Electricity Generation - Petroleum,NAICS_2012_Code,S00202,,electric_power
EPA_State_GHGI,Industry - Stationary Combustion - Fossil Fuel Combustion - Industrial - Biomass - Wood,NAICS_2012_Code,31,,ind_com_ch4_n2o
EPA_State_GHGI,Industry - Stationary Combustion - Fossil Fuel Combustion - Industrial - Biomass - Wood,NAICS_2012_Code,32,,ind_com_ch4_n2o
EPA_State_GHGI,Industry - Stationary Combustion - Fossil Fuel Combustion - Industrial - Biomass - Wood,NAICS_2012_Code,33,,ind_com_ch4_n2o
EPA_State_GHGI,Industry - Stationary Combustion - Fossil Fuel Combustion - Industrial - Coal,NAICS_2012_Code,31,,ind_com_ch4_n2o
EPA_State_GHGI,Industry - Stationary Combustion - Fossil Fuel Combustion - Industrial - Coal,NAICS_2012_Code,32,,ind_com_ch4_n2o
EPA_State_GHGI,Industry - Stationary Combustion - Fossil Fuel Combustion - Industrial - Coal,NAICS_2012_Code,33,,ind_com_ch4_n2o
EPA_State_GHGI,Industry - Stationary Combustion - Fossil Fuel Combustion - Industrial - Natural Gas,NAICS_2012_Code,31,,ind_com_ch4_n2o
EPA_State_GHGI,Industry - Stationary Combustion - Fossil Fuel Combustion - Industrial - Natural Gas,NAICS_2012_Code,32,,ind_com_ch4_n2o
EPA_State_GHGI,Industry - Stationary Combustion - Fossil Fuel Combustion - Industrial - Natural Gas,NAICS_2012_Code,33,,ind_com_ch4_n2o
EPA_State_GHGI,Industry - Stationary Combustion - Fossil Fuel Combustion - Industrial - Petroleum,NAICS_2012_Code,31,,ind_com_ch4_n2o
EPA_State_GHGI,Industry - Stationary Combustion - Fossil Fuel Combustion - Industrial - Petroleum,NAICS_2012_Code,32,,ind_com_ch4_n2o
EPA_State_GHGI,Industry - Stationary Combustion - Fossil Fuel Combustion - Industrial - Petroleum,NAICS_2012_Code,33,,ind_com_ch4_n2o
EPA_State_GHGI,Industry - Carbon Dioxide from Fossil Fuel Combustion - Fossil Fuel Combustion - Industrial - Coal,NAICS_2012_Code,31,,use_table_coal
EPA_State_GHGI,Industry - Carbon Dioxide from Fossil Fuel Combustion - Fossil Fuel Combustion - Industrial - Coal,NAICS_2012_Code,32,,use_table_coal
EPA_State_GHGI,Industry - Carbon Dioxide from Fossil Fuel Combustion - Fossil Fuel Combustion - Industrial - Coal,NAICS_2012_Code,33,,use_table_coal
EPA_State_GHGI,Industry - Carbon Dioxide from Fossil Fuel Combustion - Fossil Fuel Combustion - Industrial - Coal,NAICS_2012_Code,11,,use_table_coal
EPA_State_GHGI,Industry - Carbon Dioxide from Fossil Fuel Combustion - Fossil Fuel Combustion - Industrial - Coal,NAICS_2012_Code,21,,use_table_coal
EPA_State_GHGI,Industry - Carbon Dioxide from Fossil Fuel Combustion - Fossil Fuel Combustion - Industrial - Coal,NAICS_2012_Code,2212,,use_table_coal
EPA_State_GHGI,Industry - Carbon Dioxide from Fossil Fuel Combustion - Fossil Fuel Combustion - Industrial - Coal,NAICS_2012_Code,23,,use_table_coal
EPA_State_GHGI,Industry - Carbon Dioxide from Fossil Fuel Combustion - Fossil Fuel Combustion - Industrial - Natural Gas,NAICS_2012_Code,31,,use_table_gas
EPA_State_GHGI,Industry - Carbon Dioxide from Fossil Fuel Combustion - Fossil Fuel Combustion - Industrial - Natural Gas,NAICS_2012_Code,32,,use_table_gas
EPA_State_GHGI,Industry - Carbon Dioxide from Fossil Fuel Combustion - Fossil Fuel Combustion - Industrial - Natural Gas,NAICS_2012_Code,33,,use_table_gas
EPA_State_GHGI,Industry - Carbon Dioxide from Fossil Fuel Combustion - Fossil Fuel Combustion - Industrial - Natural Gas,NAICS_2012_Code,11,,use_table_gas
EPA_State_GHGI,Industry - Carbon Dioxide from Fossil Fuel Combustion - Fossil Fuel Combustion - Industrial - Natural Gas,NAICS_2012_Code,21,,use_table_gas
EPA_State_GHGI,Industry - Carbon Dioxide from Fossil Fuel Combustion - Fossil Fuel Combustion - Industrial - Natural Gas,NAICS_2012_Code,2212,,use_table_gas
EPA_State_GHGI,Industry - Carbon Dioxide from Fossil Fuel Combustion - Fossil Fuel Combustion - Industrial - Natural Gas,NAICS_2012_Code,23,,use_table_gas
EPA_State_GHGI,Industry - Carbon Dioxide from Fossil Fuel Combustion - Fossil Fuel Combustion - Industrial - Petroleum,NAICS_2012_Code,11,,use_table_pet
EPA_State_GHGI,Industry - Carbon Dioxide from Fossil Fuel Combustion - Fossil Fuel Combustion - Industrial - Petroleum,NAICS_2012_Code,21,,use_table_pet
EPA_State_GHGI,Industry - Carbon Dioxide from Fossil Fuel Combustion - Fossil Fuel Combustion - Industrial - Petroleum,NAICS_2012_Code,2212,,use_table_pet
EPA_State_GHGI,Industry - Carbon Dioxide from Fossil Fuel Combustion - Fossil Fuel Combustion - Industrial - Petroleum,NAICS_2012_Code,23,,use_table_pet
EPA_State_GHGI,Industry - Carbon Dioxide from Fossil Fuel Combustion - Fossil Fuel Combustion - Industrial - Petroleum,NAICS_2012_Code,31,,use_table_pet
EPA_State_GHGI,Industry - Carbon Dioxide from Fossil Fuel Combustion - Fossil Fuel Combustion - Industrial - Petroleum,NAICS_2012_Code,32,,use_table_pet
EPA_State_GHGI,Industry - Carbon Dioxide from Fossil Fuel Combustion - Fossil Fuel Combustion - Industrial - Petroleum,NAICS_2012_Code,33,,use_table_pet
EPA_State_GHGI,Residential - Stationary Combustion - Fossil Fuel Combustion - Biomass - Wood,NAICS_2012_Code,F010,,direct
EPA_State_GHGI,Residential - Stationary Combustion - Fossil Fuel Combustion - Coal,NAICS_2012_Code,F010,,direct
EPA_State_GHGI,Residential - Stationary Combustion - Fossil Fuel Combustion - Natural Gas,NAICS_2012_Code,F010,,direct
EPA_State_GHGI,Residential - Stationary Combustion - Fossil Fuel Combustion - Petroleum,NAICS_2012_Code,F010,,direct
EPA_State_GHGI,Residential - Carbon Dioxide from Fossil Fuel Combustion - Fossil Fuel Combustion - Coal,NAICS_2012_Code,F010,,residential_co2
EPA_State_GHGI,Residential - Carbon Dioxide from Fossil Fuel Combustion - Fossil Fuel Combustion - Natural Gas,NAICS_2012_Code,F010,,residential_co2
EPA_State_GHGI,Residential - Carbon Dioxide from Fossil Fuel Combustion - Fossil Fuel Combustion - Petroleum,NAICS_2012_Code,F010,,residential_co2
EPA_State_GHGI,Transportation - Carbon Dioxide from Fossil Fuel Combustion - Fossil Fuel Combustion - Coal,NAICS_2012_Code,482,,direct
EPA_State_GHGI,Transportation - Carbon Dioxide from Fossil Fuel Combustion - Fossil Fuel Combustion - Natural Gas,NAICS_2012_Code,485,,transport_ng
EPA_State_GHGI,Transportation - Carbon Dioxide from Fossil Fuel Combustion - Fossil Fuel Combustion - Natural Gas,NAICS_2012_Code,486,,transport_ng
EPA_State_GHGI,Transportation - Mobile Combustion - Fossil Fuel Combustion - Other - Alternative Fuel Highway,NAICS_2012_Code,48,,transport_alt_fuel
EPA_State_GHGI,Transportation - Mobile Combustion - Fossil Fuel Combustion - Other - Alternative Fuel Highway,NAICS_2012_Code,491,,transport_alt_fuel
EPA_State_GHGI,Transportation - Mobile Combustion - Fossil Fuel Combustion - Other - Alternative Fuel Highway,NAICS_2012_Code,492,,transport_alt_fuel
EPA_State_GHGI,Transportation - Mobile Combustion - Fossil Fuel Combustion - Other - Alternative Fuel Highway,NAICS_2012_Code,F010,,transport_alt_fuel
EPA_State_GHGI,Transportation - Carbon Dioxide from Fossil Fuel Combustion - Fossil Fuel Combustion - Petroleum,NAICS_2012_Code,48,,transport_petroleum - replaced by stateio_Use
EPA_State_GHGI,Transportation - Carbon Dioxide from Fossil Fuel Combustion - Fossil Fuel Combustion - Petroleum,NAICS_2012_Code,491,,transport_petroleum - replaced by stateio_Use
EPA_State_GHGI,Transportation - Carbon Dioxide from Fossil Fuel Combustion - Fossil Fuel Combustion - Petroleum,NAICS_2012_Code,492,,transport_petroleum - replaced by stateio_Use
EPA_State_GHGI,Transportation - Carbon Dioxide from Fossil Fuel Combustion - Fossil Fuel Combustion - Petroleum,NAICS_2012_Code,922,,transport_petroleum - replaced by stateio_Use
EPA_State_GHGI,Transportation - Carbon Dioxide from Fossil Fuel Combustion - Fossil Fuel Combustion - Petroleum,NAICS_2012_Code,928,,transport_petroleum - replaced by stateio_Use
EPA_State_GHGI,Transportation - Carbon Dioxide from Fossil Fuel Combustion - Fossil Fuel Combustion - Petroleum,NAICS_2012_Code,F010,,transport_petroleum - replaced by stateio_Use
EPA_State_GHGI,Transportation - Carbon Dioxide from Fossil Fuel Combustion - Fossil Fuel Combustion - Petroleum,NAICS_2012_Code,S00201,,transport_petroleum - replaced by stateio_Use
EPA_State_GHGI,Transportation - Mobile Combustion - Fossil Fuel Combustion - Petroleum - Diesel Highway,NAICS_2012_Code,48,,transport_diesel - replaced by stateio_Use
EPA_State_GHGI,Transportation - Mobile Combustion - Fossil Fuel Combustion - Petroleum - Diesel Highway,NAICS_2012_Code,491,,transport_diesel - replaced by stateio_Use
EPA_State_GHGI,Transportation - Mobile Combustion - Fossil Fuel Combustion - Petroleum - Diesel Highway,NAICS_2012_Code,492,,transport_diesel - replaced by stateio_Use
EPA_State_GHGI,Transportation - Mobile Combustion - Fossil Fuel Combustion - Petroleum - Diesel Highway,NAICS_2012_Code,922,,transport_diesel - replaced by stateio_Use
EPA_State_GHGI,Transportation - Mobile Combustion - Fossil Fuel Combustion - Petroleum - Diesel Highway,NAICS_2012_Code,928,,transport_diesel - replaced by stateio_Use
EPA_State_GHGI,Transportation - Mobile Combustion - Fossil Fuel Combustion - Petroleum - Diesel Highway,NAICS_2012_Code,F010,,transport_diesel - replaced by stateio_Use
EPA_State_GHGI,Transportation - Mobile Combustion - Fossil Fuel Combustion - Petroleum - Diesel Highway,NAICS_2012_Code,S00201,,transport_diesel - replaced by stateio_Use
EPA_State_GHGI,Transportation - Mobile Combustion - Fossil Fuel Combustion - Petroleum - Gasoline Highway,NAICS_2012_Code,48,,transport_gasoline - replaced by stateio_Use
EPA_State_GHGI,Transportation - Mobile Combustion - Fossil Fuel Combustion - Petroleum - Gasoline Highway,NAICS_2012_Code,491,,transport_gasoline - replaced by stateio_Use
EPA_State_GHGI,Transportation - Mobile Combustion - Fossil Fuel Combustion - Petroleum - Gasoline Highway,NAICS_2012_Code,492,,transport_gasoline - replaced by stateio_Use
EPA_State_GHGI,Transportation - Mobile Combustion - Fossil Fuel Combustion - Petroleum - Gasoline Highway,NAICS_2012_Code,922,,transport_gasoline - replaced by stateio_Use
EPA_State_GHGI,Transportation - Mobile Combustion - Fossil Fuel Combustion - Petroleum - Gasoline Highway,NAICS_2012_Code,928,,transport_gasoline - replaced by stateio_Use
EPA_State_GHGI,Transportation - Mobile Combustion - Fossil Fuel Combustion - Petroleum - Gasoline Highway,NAICS_2012_Code,F010,,transport_gasoline - replaced by stateio_Use
EPA_State_GHGI,Transportation - Mobile Combustion - Fossil Fuel Combustion - Petroleum - Gasoline Highway,NAICS_2012_Code,S00201,,transport_gasoline - replaced by stateio_Use
EPA_State_GHGI,Transportation - Mobile Combustion - Fossil Fuel Combustion - Petroleum - Non-Highway,NAICS_2012_Code,481,,transport_nonroad - replaced by stateio_Use
EPA_State_GHGI,Transportation - Mobile Combustion - Fossil Fuel Combustion - Petroleum - Non-Highway,NAICS_2012_Code,482,,transport_nonroad - replaced by stateio_Use
EPA_State_GHGI,Transportation - Mobile Combustion - Fossil Fuel Combustion - Petroleum - Non-Highway,NAICS_2012_Code,483,,transport_nonroad - replaced by stateio_Use
EPA_State_GHGI,U.S. Territories - Stationary Combustion - Fossil Fuel Combustion - US Territories - Biomass - Wood,,,,exclude - territories
EPA_State_GHGI,U.S. Territories - Stationary Combustion - Fossil Fuel Combustion - US Territories - Coal,,,,exclude - territories
EPA_State_GHGI,U.S. Territories - Stationary Combustion - Fossil Fuel Combustion - US Territories - Natural Gas,,,,exclude - territories
EPA_State_GHGI,U.S. Territories - Stationary Combustion - Fossil Fuel Combustion - US Territories - Petroleum,,,,exclude - territories
EPA_State_GHGI,U.S. Territories - Carbon Dioxide from Fossil Fuel Combustion - Fossil Fuel Combustion - US Territories - Coal,,,,exclude - territories
EPA_State_GHGI,U.S. Territories - Carbon Dioxide from Fossil Fuel Combustion - Fossil Fuel Combustion - US Territories - Natural Gas,,,,exclude - territories
EPA_State_GHGI,U.S. Territories - Carbon Dioxide from Fossil Fuel Combustion - Fossil Fuel Combustion - US Territories - Petroleum,,,,exclude - territories
EPA_State_GHGI,Electric Power Industry - Incineration of Waste - Incineration,NAICS_2012_Code,562213,,direct
EPA_State_GHGI,Industry - Natural Gas Systems - Fugitives - Exploration,NAICS_2012_Code,2111,,ng_systems
EPA_State_GHGI,Industry - Natural Gas Systems - Fugitives - Production and Gathering,NAICS_2012_Code,2111,,ng_systems
EPA_State_GHGI,Industry - Natural Gas Systems - Fugitives - Processing,NAICS_2012_Code,2111,,ng_systems
EPA_State_GHGI,Industry - Natural Gas Systems - Fugitives - Transmission and Storage,NAICS_2012_Code,486,,
EPA_State_GHGI,Industry - Natural Gas Systems - Fugitives - Distribution,NAICS_2012_Code,2212,,
EPA_State_GHGI,Industry - Natural Gas Systems - Fugitives - Gas Post-Meter,NAICS_2012_Code,2212,,
EPA_State_GHGI,Industry - Non-Energy Use of Fuels - Non-Energy Uses of Fossil Fuels - Industrial,NAICS_2012_Code,212,,industrial_neu
EPA_State_GHGI,Industry - Non-Energy Use of Fuels - Non-Energy Uses of Fossil Fuels - Industrial,NAICS_2012_Code,31,,industrial_neu
EPA_State_GHGI,Industry - Non-Energy Use of Fuels - Non-Energy Uses of Fossil Fuels - Industrial,NAICS_2012_Code,32,,industrial_neu
EPA_State_GHGI,Industry - Non-Energy Use of Fuels - Non-Energy Uses of Fossil Fuels - Industrial,NAICS_2012_Code,33,,industrial_neu
EPA_State_GHGI,Transportation - Non-Energy Use of Fuels - Non-Energy Uses of Fossil Fuels,NAICS_2012_Code,48,,industrial_neu
EPA_State_GHGI,Transportation - Non-Energy Use of Fuels - Non-Energy Uses of Fossil Fuels,NAICS_2012_Code,491,,industrial_neu
EPA_State_GHGI,Transportation - Non-Energy Use of Fuels - Non-Energy Uses of Fossil Fuels,NAICS_2012_Code,492,,industrial_neu
EPA_State_GHGI,Transportation - Non-Energy Use of Fuels - Non-Energy Uses of Fossil Fuels,NAICS_2012_Code,92,,industrial_neu
EPA_State_GHGI,Transportation - Non-Energy Use of Fuels - Non-Energy Uses of Fossil Fuels,NAICS_2012_Code,F010,,industrial_neu
EPA_State_GHGI,U.S. Territories - Non-Energy Use of Fuels - Non-Energy Uses of Fossil Fuels - US Territories,,,,exclude - territories
EPA_State_GHGI,Industry - Petroleum Systems - Fugitives - Exploration,NAICS_2012_Code,2111,,pet_systems
EPA_State_GHGI,Industry - Petroleum Systems - Fugitives - Production and upgrading,NAICS_2012_Code,2111,,pet_systems
EPA_State_GHGI,Industry - Petroleum Systems - Fugitives - Crude Oil Refining,NAICS_2012_Code,3241,,pet_systems
EPA_State_GHGI,Industry - Petroleum Systems - Fugitives - Crude Oil Transportation,NAICS_2012_Code,486,,pet_systems
EPA_State_GHGI,Agriculture - Stationary Combustion - Fossil Fuel Combustion - Industrial - AG Stationary,NAICS_2012_Code,111,,use_table_pet
EPA_State_GHGI,Agriculture - Stationary Combustion - Fossil Fuel Combustion - Industrial - AG Stationary,NAICS_2012_Code,112,,use_table_pet
EPA_State_GHGI,Transportation - Mobile Combustion - Fossil Fuel Combustion - Mobile Non-Highway Construction,NAICS_2012_Code,481,,transport_nonroad - replaced by stateio_Use
EPA_State_GHGI,Transportation - Mobile Combustion - Fossil Fuel Combustion - Mobile Non-Highway Construction,NAICS_2012_Code,482,,transport_nonroad - replaced by stateio_Use
EPA_State_GHGI,Transportation - Mobile Combustion - Fossil Fuel Combustion - Mobile Non-Highway Construction,NAICS_2012_Code,483,,transport_nonroad - replaced by stateio_Use
EPA_State_GHGI,Transportation - Mobile Combustion - Fossil Fuel Combustion - Mobile Non-Highway Farm Equipment,NAICS_2012_Code,481,,transport_nonroad - replaced by stateio_Use
EPA_State_GHGI,Transportation - Mobile Combustion - Fossil Fuel Combustion - Mobile Non-Highway Farm Equipment,NAICS_2012_Code,482,,transport_nonroad - replaced by stateio_Use
EPA_State_GHGI,Transportation - Mobile Combustion - Fossil Fuel Combustion - Mobile Non-Highway Farm Equipment,NAICS_2012_Code,483,,transport_nonroad - replaced by stateio_Use
EPA_State_GHGI,Transportation - Mobile Combustion - Fossil Fuel Combustion - Mobile Non-Highway Other,NAICS_2012_Code,481,,transport_nonroad - replaced by stateio_Use
EPA_State_GHGI,Transportation - Mobile Combustion - Fossil Fuel Combustion - Mobile Non-Highway Other,NAICS_2012_Code,482,,transport_nonroad - replaced by stateio_Use
EPA_State_GHGI,Transportation - Mobile Combustion - Fossil Fuel Combustion - Mobile Non-Highway Other,NAICS_2012_Code,483,,transport_nonroad - replaced by stateio_Use
EPA_State_GHGI,Commercial - Substitution of Ozone Depleting Substances - Product uses as substitutes for ODS,NAICS_2012_Code,2213,,ods_substitutes
EPA_State_GHGI,Commercial - Substitution of Ozone Depleting Substances - Product uses as substitutes for ODS,NAICS_2012_Code,42,,ods_substitutes
EPA_State_GHGI,Commercial - Substitution of Ozone Depleting Substances - Product uses as substitutes for ODS,NAICS_2012_Code,44,,ods_substitutes
EPA_State_GHGI,Commercial - Substitution of Ozone Depleting Substances - Product uses as substitutes for ODS,NAICS_2012_Code,45,,ods_substitutes
EPA_State_GHGI,Commercial - Substitution of Ozone Depleting Substances - Product uses as substitutes for ODS,NAICS_2012_Code,48,,ods_substitutes
EPA_State_GHGI,Commercial - Substitution of Ozone Depleting Substances - Product uses as substitutes for ODS,NAICS_2012_Code,49,,ods_substitutes
EPA_State_GHGI,Commercial - Substitution of Ozone Depleting Substances - Product uses as substitutes for ODS,NAICS_2012_Code,51,,ods_substitutes
EPA_State_GHGI,Commercial - Substitution of Ozone Depleting Substances - Product uses as substitutes for ODS,NAICS_2012_Code,52,,ods_substitutes
EPA_State_GHGI,Commercial - Substitution of Ozone Depleting Substances - Product uses as substitutes for ODS,NAICS_2012_Code,53,,ods_substitutes
EPA_State_GHGI,Commercial - Substitution of Ozone Depleting Substances - Product uses as substitutes for ODS,NAICS_2012_Code,54,,ods_substitutes
EPA_State_GHGI,Commercial - Substitution of Ozone Depleting Substances - Product uses as substitutes for ODS,NAICS_2012_Code,55,,ods_substitutes
EPA_State_GHGI,Commercial - Substitution of Ozone Depleting Substances - Product uses as substitutes for ODS,NAICS_2012_Code,56,,ods_substitutes
EPA_State_GHGI,Commercial - Substitution of Ozone Depleting Substances - Product uses as substitutes for ODS,NAICS_2012_Code,61,,ods_substitutes
EPA_State_GHGI,Commercial - Substitution of Ozone Depleting Substances - Product uses as substitutes for ODS,NAICS_2012_Code,62,,ods_substitutes
EPA_State_GHGI,Commercial - Substitution of Ozone Depleting Substances - Product uses as substitutes for ODS,NAICS_2012_Code,71,,ods_substitutes
EPA_State_GHGI,Commercial - Substitution of Ozone Depleting Substances - Product uses as substitutes for ODS,NAICS_2012_Code,72,,ods_substitutes
EPA_State_GHGI,Commercial - Substitution of Ozone Depleting Substances - Product uses as substitutes for ODS,NAICS_2012_Code,81,,ods_substitutes
EPA_State_GHGI,Commercial - Substitution of Ozone Depleting Substances - Product uses as substitutes for ODS,NAICS_2012_Code,92,,ods_substitutes
EPA_State_GHGI,Commercial - Substitution of Ozone Depleting Substances - Product uses as substitutes for ODS,NAICS_2012_Code,F010,,ods_substitutes
EPA_State_GHGI,Industry - Substitution of Ozone Depleting Substances - Product uses as substitutes for ODS,NAICS_2012_Code,21,,ods_substitutes
EPA_State_GHGI,Industry - Substitution of Ozone Depleting Substances - Product uses as substitutes for ODS,NAICS_2012_Code,23,,ods_substitutes
EPA_State_GHGI,Industry - Substitution of Ozone Depleting Substances - Product uses as substitutes for ODS,NAICS_2012_Code,31,,ods_substitutes
EPA_State_GHGI,Industry - Substitution of Ozone Depleting Substances - Product uses as substitutes for ODS,NAICS_2012_Code,32,,ods_substitutes
EPA_State_GHGI,Industry - Substitution of Ozone Depleting Substances - Product uses as substitutes for ODS,NAICS_2012_Code,33,,ods_substitutes
EPA_State_GHGI,Residential - Substitution of Ozone Depleting Substances - Product uses as substitutes for ODS,NAICS_2012_Code,F010,,ods_substitutes
EPA_State_GHGI,Transportation - Substitution of Ozone Depleting Substances - Product uses as substitutes for ODS,NAICS_2012_Code,48,,ods_transportation
EPA_State_GHGI,Transportation - Substitution of Ozone Depleting Substances - Product uses as substitutes for ODS,NAICS_2012_Code,F010,,ods_transportation
EPA_State_GHGI,Industry - Adipic Acid Production - Chemical Industry,NAICS_2012_Code,32519,,direct
EPA_State_GHGI,Industry - Ammonia Production - Chemical Industry,NAICS_2012_Code,32531,,direct
EPA_State_GHGI,"Industry - Caprolactam, Glyoxal and Glyoxylic Acid Production - Chemical Industry - Caprolactam",NAICS_2012_Code,32519,,direct
EPA_State_GHGI,Industry - Nitric Acid Production - Chemical Industry,NAICS_2012_Code,32531,,direct
EPA_State_GHGI,Industry - Petrochemical Production - Chemical Industry - Acrylonitrile,NAICS_2012_Code,3251,,petrochemicals
EPA_State_GHGI,Industry - Petrochemical Production - Chemical Industry - Carbon Black,NAICS_2012_Code,3251,,petrochemicals
EPA_State_GHGI,Industry - Petrochemical Production - Chemical Industry - Ethylene,NAICS_2012_Code,3241,,petrochemicals
EPA_State_GHGI,Industry - Petrochemical Production - Chemical Industry - Ethylene Dichloride,NAICS_2012_Code,3251,,petrochemicals
EPA_State_GHGI,Industry - Petrochemical Production - Chemical Industry - Ethylene Oxide,NAICS_2012_Code,3251,,petrochemicals
EPA_State_GHGI,Industry - Petrochemical Production - Chemical Industry - Methanol,NAICS_2012_Code,3251,,petrochemicals
EPA_State_GHGI,Industry - Phosphoric Acid Production - Chemical Industry,NAICS_2012_Code,32531,,direct
EPA_State_GHGI,Industry - Carbide Production and Consumption - Chemical Industry - Silicon Carbide Consumption,NAICS_2012_Code,32518,,direct
EPA_State_GHGI,Industry - Carbide Production and Consumption - Chemical Industry - Silicon Carbide Production,NAICS_2012_Code,32518,,direct
EPA_State_GHGI,Industry - Soda Ash Production - Chemical Industry,NAICS_2012_Code,32519,,direct
EPA_State_GHGI,Industry - Titanium Dioxide Production - Chemical Industry,NAICS_2012_Code,32519,,direct
EPA_State_GHGI,Industry - Urea Consumption for Non-Agricultural Purposes - Chemical Industry - Urea Consumption for Non-Agricultural Uses,NAICS_2012_Code,31,,urea
EPA_State_GHGI,Industry - Urea Consumption for Non-Agricultural Purposes - Chemical Industry - Urea Consumption for Non-Agricultural Uses,NAICS_2012_Code,32,,urea
EPA_State_GHGI,Industry - Urea Consumption for Non-Agricultural Purposes - Chemical Industry - Urea Consumption for Non-Agricultural Uses,NAICS_2012_Code,33,,urea
EPA_State_GHGI,Industry - Electronics Industry - Micro-Electro-Mechanical Devices,NAICS_2012_Code,3332,,direct
EPA_State_GHGI,Industry - Electronics Industry - Photovoltaics,NAICS_2012_Code,334413,,direct
EPA_State_GHGI,Industry - Electronics Industry - Semiconductor Manufacture,NAICS_2012_Code,3344,,direct
EPA_State_GHGI,Industry - Electronics Industry - Semiconductor Manufacture - Heat Transfer Fluids,NAICS_2012_Code,3344,,direct_ods
EPA_State_GHGI,Industry - Aluminum Production - Metal Industry,NAICS_2012_Code,3313,,direct
EPA_State_GHGI,Industry - Ferroalloy Production - Metal Industry,NAICS_2012_Code,3311,,direct
EPA_State_GHGI,Industry - Iron and Steel Production - Metal Industry - Pig Iron Production,NAICS_2012_Code,3311,,direct
EPA_State_GHGI,Industry - Iron and Steel Production - Metal Industry - Metallurgical Coke Production,NAICS_2012_Code,3311,,direct
EPA_State_GHGI,Industry - Iron and Steel Production - Metal Industry - Other Activities,NAICS_2012_Code,3311,,direct
EPA_State_GHGI,Industry - Iron and Steel Production - Metal Industry - Pellet Production,NAICS_2012_Code,3311,,direct
EPA_State_GHGI,Industry - Iron and Steel Production - Metal Industry - Sinter Production,NAICS_2012_Code,3311,,direct
EPA_State_GHGI,Industry - Iron and Steel Production - Metal Industry - Steel Production,NAICS_2012_Code,3311,,direct
EPA_State_GHGI,Industry - Lead Production - Metal Industry,NAICS_2012_Code,3314,,lead
EPA_State_GHGI,Industry - Magnesium Production - Metal Industry,NAICS_2012_Code,331,,magnesium
EPA_State_GHGI,Industry - Zinc Production - Metal Industry,NAICS_2012_Code,3314,,direct
EPA_State_GHGI,Industry - Carbon Dioxide Consumption - Other,,,,exclude
EPA_State_GHGI,Industry - Cement Production - Mineral Industry,NAICS_2012_Code,3273,,direct
EPA_State_GHGI,Industry - Glass Production - Mineral Industry,NAICS_2012_Code,3272,,direct
EPA_State_GHGI,Industry - Lime Production - Mineral Industry,NAICS_2012_Code,3274,,direct
EPA_State_GHGI,Industry - Other Process Uses of Carbonates - Mineral Industry - Ceramics,NAICS_2012_Code,31,,carbonate_use
EPA_State_GHGI,Industry - Other Process Uses of Carbonates - Mineral Industry - Ceramics,NAICS_2012_Code,32,,carbonate_use
EPA_State_GHGI,Industry - Other Process Uses of Carbonates - Mineral Industry - Ceramics,NAICS_2012_Code,33,,carbonate_use
EPA_State_GHGI,Industry - Other Process Uses of Carbonates - Mineral Industry - FGD,NAICS_2012_Code,31,,carbonate_use
EPA_State_GHGI,Industry - Other Process Uses of Carbonates - Mineral Industry - FGD,NAICS_2012_Code,32,,carbonate_use
EPA_State_GHGI,Industry - Other Process Uses of Carbonates - Mineral Industry - FGD,NAICS_2012_Code,33,,carbonate_use
EPA_State_GHGI,Industry - Other Process Uses of Carbonates - Mineral Industry - Flux Stone,NAICS_2012_Code,31,,carbonate_use
EPA_State_GHGI,Industry - Other Process Uses of Carbonates - Mineral Industry - Flux Stone,NAICS_2012_Code,32,,carbonate_use
EPA_State_GHGI,Industry - Other Process Uses of Carbonates - Mineral Industry - Flux Stone,NAICS_2012_Code,33,,carbonate_use
EPA_State_GHGI,Industry - Other Process Uses of Carbonates - Mineral Industry - Non-Metallurgical Magnesium Production,NAICS_2012_Code,31,,carbonate_use
EPA_State_GHGI,Industry - Other Process Uses of Carbonates - Mineral Industry - Non-Metallurgical Magnesium Production,NAICS_2012_Code,32,,carbonate_use
EPA_State_GHGI,Industry - Other Process Uses of Carbonates - Mineral Industry - Non-Metallurgical Magnesium Production,NAICS_2012_Code,33,,carbonate_use
EPA_State_GHGI,Industry - Other Process Uses of Carbonates - Mineral Industry - Other Miscellaneous Uses,NAICS_2012_Code,31,,carbonate_use
EPA_State_GHGI,Industry - Other Process Uses of Carbonates - Mineral Industry - Other Miscellaneous Uses,NAICS_2012_Code,32,,carbonate_use
EPA_State_GHGI,Industry - Other Process Uses of Carbonates - Mineral Industry - Other Miscellaneous Uses,NAICS_2012_Code,33,,carbonate_use
EPA_State_GHGI,Industry - Other Process Uses of Carbonates - Mineral Industry - Soda Ash Consumption,NAICS_2012_Code,31,,carbonate_use
EPA_State_GHGI,Industry - Other Process Uses of Carbonates - Mineral Industry - Soda Ash Consumption,NAICS_2012_Code,32,,carbonate_use
EPA_State_GHGI,Industry - Other Process Uses of Carbonates - Mineral Industry - Soda Ash Consumption,NAICS_2012_Code,33,,carbonate_use
EPA_State_GHGI,Electric Power Industry - Electrical Equipment - Other product manufacture and use - Electric Power Systems,NAICS_2012_Code,22112,,electricity_transmission
EPA_State_GHGI,Electric Power Industry - Electrical Equipment - Other product manufacture and use - Equipment OEM,NAICS_2012_Code,22112,,electricity_transmission
EPA_State_GHGI,Industry - Fluorochemical Production - Chemical Industry - HCFC-22 Production,NAICS_2012_Code,325120,,hcfc
EPA_State_GHGI,Industry - Fluorochemical Production - Chemical Industry - Production of fluorochemicals other than HCFC-22,NAICS_2012_Code,325120,,hcfc
EPA_State_GHGI,Industry - SF6 and PFCs from Other Product Use - Other product manufacture and use - SF6 and PFCs from other product use - Military Applications - AWACS,NAICS_2012_Code,928110,,hcfc
EPA_State_GHGI,Industry - SF6 and PFCs from Other Product Use - Other product manufacture and use - SF6 and PFCs from other product use - Military Applications - Other Military Applications,NAICS_2012_Code,928110,,hcfc
EPA_State_GHGI,Industry - SF6 and PFCs from Other Product Use - Other product manufacture and use - SF6 and PFCs from other product use - Scientific Applications - Other Scientific Applications,NAICS_2012_Code,54171,,hcfc
EPA_State_GHGI,Industry - SF6 and PFCs from Other Product Use - Other product manufacture and use - SF6 and PFCs from other product use - Scientific Applications - Particle Accelerators,NAICS_2012_Code,54171,,hcfc
EPA_State_GHGI,Commercial - Composting - Biological Treatment of Solid Waste,NAICS_2012_Code,562219,,direct
EPA_State_GHGI,Commercial - Anaerobic Digestion at Biogas Facilities - Biological Treatment of Solid Waste,NAICS_2012_Code,5622,,direct
EPA_State_GHGI,Industry - Landfills - Industrial - Solid Waste Disposal - Landfills - Industrial Waste Landfills Emissions,NAICS_2012_Code,562212,,direct
EPA_State_GHGI,Commercial - Landfills - Municipal - Solid Waste Disposal - Landfills - MSW Landfills Emissions,NAICS_2012_Code,562212,,direct
EPA_State_GHGI,Industry - Wastewater Treatment - Wastewater Treatment and Discharge - Industrial,NAICS_2012_Code,2213,,direct
EPA_State_GHGI,Commercial - Wastewater Treatment - Wastewater Treatment and Discharge - Domestic,NAICS_2012_Code,2213,,direct
EPA_State_GHGI,Agriculture - Mobile Combustion - Fossil Fuel Combustion - Mobile Non-Highway Farm Equipment,NAICS_2012_Code,111,,transport_nonroad_ag
EPA_State_GHGI,Agriculture - Mobile Combustion - Fossil Fuel Combustion - Mobile Non-Highway Farm Equipment,NAICS_2012_Code,112,,transport_nonroad_ag
EPA_State_GHGI,Agriculture - Mobile Combustion - Fossil Fuel Combustion - Mobile Non-Highway Farm Equipment,NAICS_2012_Code,113,,transport_nonroad_ag
EPA_State_GHGI,Agriculture - Mobile Combustion - Fossil Fuel Combustion - Mobile Non-Highway Farm Equipment,NAICS_2012_Code,114,,transport_nonroad_ag
EPA_State_GHGI,Industry - Carbon Dioxide from Fossil Fuel Combustion - Fossil Fuel Combustion - Industrial - Mobile Non-Highway Farm Equipment,NAICS_2012_Code,11,,use_table_pet
EPA_State_GHGI,Industry - Carbon Dioxide from Fossil Fuel Combustion - Fossil Fuel Combustion - Industrial - Mobile Non-Highway Farm Equipment,NAICS_2012_Code,21,,use_table_pet
EPA_State_GHGI,Industry - Carbon Dioxide from Fossil Fuel Combustion - Fossil Fuel Combustion - Industrial - Mobile Non-Highway Farm Equipment,NAICS_2012_Code,2212,,use_table_pet
EPA_State_GHGI,Industry - Carbon Dioxide from Fossil Fuel Combustion - Fossil Fuel Combustion - Industrial - Mobile Non-Highway Farm Equipment,NAICS_2012_Code,23,,use_table_pet
EPA_State_GHGI,Industry - Carbon Dioxide from Fossil Fuel Combustion - Fossil Fuel Combustion - Industrial - Mobile Non-Highway Farm Equipment,NAICS_2012_Code,31,,use_table_pet
EPA_State_GHGI,Industry - Carbon Dioxide from Fossil Fuel Combustion - Fossil Fuel Combustion - Industrial - Mobile Non-Highway Farm Equipment,NAICS_2012_Code,32,,use_table_pet
EPA_State_GHGI,Industry - Carbon Dioxide from Fossil Fuel Combustion - Fossil Fuel Combustion - Industrial - Mobile Non-Highway Farm Equipment,NAICS_2012_Code,33,,use_table_pet
EPA_State_GHGI,Agriculture - Carbon Dioxide from Fossil Fuel Combustion - Fossil Fuel Combustion - Mobile Non-Highway Farm Equipment,NAICS_2012_Code,111,,use_table_pet
EPA_State_GHGI,Agriculture - Carbon Dioxide from Fossil Fuel Combustion - Fossil Fuel Combustion - Mobile Non-Highway Farm Equipment,NAICS_2012_Code,112,,use_table_pet
EPA_State_GHGI,Agriculture - Carbon Dioxide from Fossil Fuel Combustion - Fossil Fuel Combustion - Mobile Non-Highway Farm Equipment,NAICS_2012_Code,113,,use_table_pet
EPA_State_GHGI,Agriculture - Carbon Dioxide from Fossil Fuel Combustion - Fossil Fuel Combustion - Mobile Non-Highway Farm Equipment,NAICS_2012_Code,114,,use_table_pet
EPA_State_GHGI,Industry - Mobile Combustion - Fossil Fuel Combustion - Mobile Non-Highway Construction,NAICS_2012_Code,211,,transport_nonroad_construction
EPA_State_GHGI,Industry - Mobile Combustion - Fossil Fuel Combustion - Mobile Non-Highway Construction,NAICS_2012_Code,212,,transport_nonroad_construction
EPA_State_GHGI,Industry - Mobile Combustion - Fossil Fuel Combustion - Mobile Non-Highway Construction,NAICS_2012_Code,213111,,transport_nonroad_construction
EPA_State_GHGI,Electric Power Industry - Other Process Uses of Carbonates - Mineral Industry - Ceramics,NAICS_2012_Code,31,,"carbonate_use, later attribute to 2211 and do direct"
EPA_State_GHGI,Electric Power Industry - Other Process Uses of Carbonates - Mineral Industry - FGD,NAICS_2012_Code,31,,"carbonate_use, later attribute to 2211 and do direct"
EPA_State_GHGI,Electric Power Industry - Other Process Uses of Carbonates - Mineral Industry - Flux Stone,NAICS_2012_Code,31,,"carbonate_use, later attribute to 2211 and do direct"
EPA_State_GHGI,Electric Power Industry - Other Process Uses of Carbonates - Mineral Industry - Non-Metallurgical Magnesium Production,NAICS_2012_Code,31,,"carbonate_use, later attribute to 2211 and do direct"
EPA_State_GHGI,Electric Power Industry - Other Process Uses of Carbonates - Mineral Industry - Other Miscellaneous Uses,NAICS_2012_Code,31,,"carbonate_use, later attribute to 2211 and do direct"
EPA_State_GHGI,Electric Power Industry - Other Process Uses of Carbonates - Mineral Industry - Soda Ash Consumption,NAICS_2012_Code,31,,"carbonate_use, later attribute to 2211 and do direct"
EPA_State_GHGI,Electric Power Industry - Other Process Uses of Carbonates - Mineral Industry - Ceramics,NAICS_2012_Code,32,,"carbonate_use, later attribute to 2211 and do direct"
EPA_State_GHGI,Electric Power Industry - Other Process Uses of Carbonates - Mineral Industry - FGD,NAICS_2012_Code,32,,"carbonate_use, later attribute to 2211 and do direct"
EPA_State_GHGI,Electric Power Industry - Other Process Uses of Carbonates - Mineral Industry - Flux Stone,NAICS_2012_Code,32,,"carbonate_use, later attribute to 2211 and do direct"
EPA_State_GHGI,Electric Power Industry - Other Process Uses of Carbonates - Mineral Industry - Non-Metallurgical Magnesium Production,NAICS_2012_Code,32,,"carbonate_use, later attribute to 2211 and do direct"
EPA_State_GHGI,Electric Power Industry - Other Process Uses of Carbonates - Mineral Industry - Other Miscellaneous Uses,NAICS_2012_Code,32,,"carbonate_use, later attribute to 2211 and do direct"
EPA_State_GHGI,Electric Power Industry - Other Process Uses of Carbonates - Mineral Industry - Soda Ash Consumption,NAICS_2012_Code,32,,"carbonate_use, later attribute to 2211 and do direct"
EPA_State_GHGI,Electric Power Industry - Other Process Uses of Carbonates - Mineral Industry - Ceramics,NAICS_2012_Code,33,,"carbonate_use, later attribute to 2211 and do direct"
EPA_State_GHGI,Electric Power Industry - Other Process Uses of Carbonates - Mineral Industry - FGD,NAICS_2012_Code,33,,"carbonate_use, later attribute to 2211 and do direct"
EPA_State_GHGI,Electric Power Industry - Other Process Uses of Carbonates - Mineral Industry - Flux Stone,NAICS_2012_Code,33,,"carbonate_use, later attribute to 2211 and do direct"
EPA_State_GHGI,Electric Power Industry - Other Process Uses of Carbonates - Mineral Industry - Non-Metallurgical Magnesium Production,NAICS_2012_Code,33,,"carbonate_use, later attribute to 2211 and do direct"
EPA_State_GHGI,Electric Power Industry - Other Process Uses of Carbonates - Mineral Industry - Other Miscellaneous Uses,NAICS_2012_Code,33,,"carbonate_use, later attribute to 2211 and do direct"
EPA_State_GHGI,Electric Power Industry - Other Process Uses of Carbonates - Mineral Industry - Soda Ash Consumption,NAICS_2012_Code,33,,"carbonate_use, later attribute to 2211 and do direct"
EPA_State_GHGI,Industry - Mobile Combustion - Fossil Fuel Combustion - Mobile Non-Highway Other,NAICS_2012_Code,485,,transport_nonroad_other
EPA_State_GHGI,Industry - Mobile Combustion - Fossil Fuel Combustion - Mobile Non-Highway Other,NAICS_2012_Code,487,,transport_nonroad_other
EPA_State_GHGI,Industry - Mobile Combustion - Fossil Fuel Combustion - Mobile Non-Highway Other,NAICS_2012_Code,488,,transport_nonroad_other
EPA_State_GHGI,Industry - Mobile Combustion - Fossil Fuel Combustion - Mobile Non-Highway Other,NAICS_2012_Code,492,,transport_nonroad_other
EPA_State_GHGI,Industry - Mobile Combustion - Fossil Fuel Combustion - Mobile Non-Highway Other,NAICS_2012_Code,5321,,transport_nonroad_other
EPA_State_GHGI,Industry - Mobile Combustion - Fossil Fuel Combustion - Mobile Non-Highway Other,NAICS_2012_Code,5324,,transport_nonroad_other
EPA_State_GHGI,Industry - Mobile Combustion - Fossil Fuel Combustion - Mobile Non-Highway Other,NAICS_2012_Code,6219,,transport_nonroad_other
EPA_State_GHGI,Industry - Mobile Combustion - Fossil Fuel Combustion - Mobile Non-Highway Other,NAICS_2012_Code,7139,,transport_nonroad_other
EPA_State_GHGI,Industry - Mobile Combustion - Fossil Fuel Combustion - Mobile Non-Highway Other,NAICS_2012_Code,8111,,transport_nonroad_other
EPA_State_GHGI,Industry - Mobile Combustion - Fossil Fuel Combustion - Mobile Non-Highway Other,NAICS_2012_Code,8113,,transport_nonroad_other
EPA_State_GHGI,Industry - Stationary Combustion - Fossil Fuel Combustion - Industrial - AG Stationary,NAICS_2012_Code,31,,ind_com_ch4_n2o
EPA_State_GHGI,Industry - Stationary Combustion - Fossil Fuel Combustion - Industrial - AG Stationary,NAICS_2012_Code,32,,ind_com_ch4_n2o
EPA_State_GHGI,Industry - Stationary Combustion - Fossil Fuel Combustion - Industrial - AG Stationary,NAICS_2012_Code,33,,ind_com_ch4_n2o
EPA_State_GHGI,Industry - N2O from Product Uses - Other product manufacture and use - Medical Applications,NAICS_2012_Code,621,,nitrous_oxide_use
EPA_State_GHGI,Industry - N2O from Product Uses - Other product manufacture and use - Medical Applications,NAICS_2012_Code,622,,nitrous_oxide_use
EPA_State_GHGI,Industry - N2O from Product Uses - Other product manufacture and use - Medical Applications,NAICS_2012_Code,623,,nitrous_oxide_use
EPA_State_GHGI,Industry - N2O from Product Uses - Other product manufacture and use - Other,NAICS_2012_Code,621,,nitrous_oxide_use
EPA_State_GHGI,Industry - N2O from Product Uses - Other product manufacture and use - Other,NAICS_2012_Code,622,,nitrous_oxide_use
EPA_State_GHGI,Industry - N2O from Product Uses - Other product manufacture and use - Other,NAICS_2012_Code,623,,nitrous_oxide_use
EPA_State_GHGI,Industry - N2O from Product Uses - Other product manufacture and use - Propellant for Pressure and Aerosol Products,NAICS_2012_Code,621,,nitrous_oxide_use
EPA_State_GHGI,Industry - N2O from Product Uses - Other product manufacture and use - Propellant for Pressure and Aerosol Products,NAICS_2012_Code,622,,nitrous_oxide_use
EPA_State_GHGI,Industry - N2O from Product Uses - Other product manufacture and use - Propellant for Pressure and Aerosol Products,NAICS_2012_Code,623,,nitrous_oxide_use
