NAICS 2007,Title,Included,category,definition,example,,,,,,,,,,,,,,,,,,,,
111110,Soybean farming,Y,6,2,"USDA certified organic produce, soybeans for biodiesel",,,,,,,,,,,,,,,,,,,,
111120,"Oilseed, except soybean, farming",Y,6,2,USDA certified organic produce,,,,,,,,,,,,,,,,,,,,
111130,Dry pea and bean farming,Y,6,2,USDA certified organic produce,,,,,,,,,,,,,,,,,,,,
111140,Wheat farming,Y,6,2,USDA certified organic produce,,,,,,,,,,,,,,,,,,,,
111150,Corn farming,Y,6,2,"USDA certified organic produce, growing corn for ethanol",,,,,,,,,,,,,,,,,,,,
111160,Rice farming,Y,6,2,USDA certified organic produce,,,,,,,,,,,,,,,,,,,,
111191,Oilseed and grain combination farming,Y,6,2,USDA certified organic produce,,,,,,,,,,,,,,,,,,,,
111199,All other grain farming,Y,6,2,"USDA certified organic produce, growing sorghum for ethanol",,,,,,,,,,,,,,,,,,,,
111211,Potato farming,Y,6,2,USDA certified organic produce,,,,,,,,,,,,,,,,,,,,
111219,Other vegetable and melon farming,Y,6,2,USDA certified organic produce,,,,,,,,,,,,,,,,,,,,
111310,Orange groves,Y,6,2,USDA certified organic produce,,,,,,,,,,,,,,,,,,,,
111320,"Citrus, except orange, groves",Y,6,2,USDA certified organic produce,,,,,,,,,,,,,,,,,,,,
111331,Apple orchards,Y,6,2,USDA certified organic produce,,,,,,,,,,,,,,,,,,,,
111332,Grape vineyards,Y,6,2,USDA certified organic produce,,,,,,,,,,,,,,,,,,,,
111333,Strawberry farming,Y,6,2,USDA certified organic produce,,,,,,,,,,,,,,,,,,,,
111334,"Berry, except strawberry, farming",Y,6,2,USDA certified organic produce,,,,,,,,,,,,,,,,,,,,
111335,Tree nut farming,Y,6,2,USDA certified organic produce,,,,,,,,,,,,,,,,,,,,
111336,Fruit and tree nut combination farming,Y,6,2,USDA certified organic produce,,,,,,,,,,,,,,,,,,,,
111339,Other non-citrus fruit farming,Y,6,2,USDA certified organic produce,,,,,,,,,,,,,,,,,,,,
111411,Mushroom production,Y,6,2,USDA certified organic produce,,,,,,,,,,,,,,,,,,,,
111419,Other food crops grown under cover,Y,6,2,USDA certified organic produce,,,,,,,,,,,,,,,,,,,,
111421,Nursery and tree production,Y,6,2,USDA certified organic products,,,,,,,,,,,,,,,,,,,,
111422,Floriculture production,Y,6,2,USDA certified organic products,,,,,,,,,,,,,,,,,,,,
111910,Tobacco farming,Y,6,2,USDA certified organic tobacco,,,,,,,,,,,,,,,,,,,,
111920,Cotton farming,Y,6,2,USDA certified organic cotton,,,,,,,,,,,,,,,,,,,,
111930,Sugarcane farming,Y,6,2,"USDA certified organic produce, sugarcane for ethanol",,,,,,,,,,,,,,,,,,,,
111940,Hay farming,Y,6,2,USDA certified organic produce,,,,,,,,,,,,,,,,,,,,
111991,Sugar beet farming,Y,6,2,"USDA certified organic produce, sugar beets for ethanol",,,,,,,,,,,,,,,,,,,,
111992,Peanut farming,Y,6,2,USDA certified organic produce,,,,,,,,,,,,,,,,,,,,
111998,All other miscellaneous crop farming,Y,6,2,USDA certified organic produce,,,,,,,,,,,,,,,,,,,,
112111,Beef cattle ranching and farming,Y,6,2,USDA certified organic beef,,,,,,,,,,,,,,,,,,,,
112112,Cattle feedlots,Y,6,2,USDA certified organic meat,,,,,,,,,,,,,,,,,,,,
112120,Dairy cattle and milk production,Y,6,2,USDA certified organic dairy,,,,,,,,,,,,,,,,,,,,
112210,Hog and pig farming,Y,6,2,USDA certified organic meat,,,,,,,,,,,,,,,,,,,,
112310,Chicken egg production,Y,6,2,USDA certified organic meat,,,,,,,,,,,,,,,,,,,,
112320,Broilers and meat type chicken production,Y,6,2,USDA certified organic meat,,,,,,,,,,,,,,,,,,,,
112330,Turkey production,Y,6,2,USDA certified organic meat,,,,,,,,,,,,,,,,,,,,
112340,Poultry hatcheries,Y,6,2,USDA certified organic meat,,,,,,,,,,,,,,,,,,,,
112390,Other poultry production,Y,6,2,USDA certified organic meat,,,,,,,,,,,,,,,,,,,,
112410,Sheep farming,Y,6,2,USDA certified organic meat,,,,,,,,,,,,,,,,,,,,
112420,Goat farming,Y,6,2,USDA certified organic meat,,,,,,,,,,,,,,,,,,,,
112511,Finfish farming and fish hatcheries,Y,6,2,USDA certified organic fish,,,,,,,,,,,,,,,,,,,,
112512,Shellfish farming,Y,6,2,USDA certified organic fish,,,,,,,,,,,,,,,,,,,,
112519,Other aquaculture,Y,6,2,USDA certified organic fish,,,,,,,,,,,,,,,,,,,,
112910,Apiculture,Y,6,2,Organic honey,,,,,,,,,,,,,,,,,,,,
112920,Horses and other equine production,N,,,,,,,,,,,,,,,,,,,,,,,
112930,Fur-bearing animal and rabbit production,Y,6,2,USDA certified organic meat,,,,,,,,,,,,,,,,,,,,
112990,All other animal production,Y,6,2,USDA certified organic meat,,,,,,,,,,,,,,,,,,,,
113110,Timber tract operations,N,,,,,,,,,,,,,,,,,,,,,,,
113210,Forest nursery and gathering forest products,Y,6,,Growin,1,g trees for reforestation,,,,,,,,,,,,,,,,,,
113310,Logging,Y,1,3,Wood chips for biomass,,,,,,,,,,,,,,,,,,,,
114111,Finfish fishing,N,,,,,,,,,,,,,,,,,,,,,,,
114112,Shellfish fishing,N,,,,,,,,,,,,,,,,,,,,,,,
114119,Other marine fishing,N,,,,,,,,,,,,,,,,,,,,,,,
114210,Hunting and trapping,N,,,,,,,,,,,,,,,,,,,,,,,
115111,Cotton ginning,Y,6,3,Specialized services for USDA certified organic production,,,,,,,,,,,,,,,,,,,,
115112,"Soil preparation, planting, and cultivating",Y,6,3,Specialized services for USDA certified organic production,,,,,,,,,,,,,,,,,,,,
115113,"Crop harvesting, primarily by machine",Y,6,3,Specialized services for USDA certified organic production,,,,,,,,,,,,,,,,,,,,
115114,Other postharvest crop activities,Y,6,3,Specialized services for USDA certified organic production,,,,,,,,,,,,,,,,,,,,
115115,Farm labor contractors and crew leaders,N,,,,,,,,,,,,,,,,,,,,,,,
115116,Farm management services,Y,6,3,Specialized services for USDA certified organic production,,,,,,,,,,,,,,,,,,,,
115210,Support activities for animal production,Y,6,3,Specialized services for USDA certified organic production,,,,,,,,,,,,,,,,,,,,
115310,Support activities for forestry,Y,6,1,Reforestation consulting,,,,,,,,,,,,,,,,,,,,
211111,Crude petroleum and natural gas extraction,N,,,,,,,,,,,,,,,,,,,,,,,
211112,Natural gas liquid extraction,N,,,,,,,,,,,,,,,,,,,,,,,
212111,Bituminous coal and lignite surface mining,N,,,,,,,,,,,,,,,,,,,,,,,
212112,Bituminous coal underground mining,N,,,,,,,,,,,,,,,,,,,,,,,
212113,Anthracite mining,N,,,,,,,,,,,,,,,,,,,,,,,
212210,Iron ore mining,N,,,,,,,,,,,,,,,,,,,,,,,
212221,Gold ore mining,N,,,,,,,,,,,,,,,,,,,,,,,
212222,Silver ore mining,N,,,,,,,,,,,,,,,,,,,,,,,
212231,Lead ore and zinc ore mining,N,,,,,,,,,,,,,,,,,,,,,,,
212234,Copper ore and nickel ore mining,N,,,,,,,,,,,,,,,,,,,,,,,
212291,Uranium-radium-vanadium ore mining,N,,,,,,,,,,,,,,,,,,,,,,,
212299,All other metal ore mining,N,,,,,,,,,,,,,,,,,,,,,,,
212311,Dimension stone mining and quarrying,N,,,,,,,,,,,,,,,,,,,,,,,
212312,Crushed and broken limestone mining,N,,,,,,,,,,,,,,,,,,,,,,,
212313,Crushed and broken granite mining,N,,,,,,,,,,,,,,,,,,,,,,,
212319,Other crushed and broken stone mining,N,,,,,,,,,,,,,,,,,,,,,,,
212321,Construction sand and gravel mining,N,,,,,,,,,,,,,,,,,,,,,,,
212322,Industrial sand mining,N,,,,,,,,,,,,,,,,,,,,,,,
212324,Kaolin and ball clay mining,N,,,,,,,,,,,,,,,,,,,,,,,
212325,"Clay, ceramic, and refractory minerals mining",N,,,,,,,,,,,,,,,,,,,,,,,
212391,"Potash, soda, and borate mineral mining",N,,,,,,,,,,,,,,,,,,,,,,,
212392,Phosphate rock mining,N,,,,,,,,,,,,,,,,,,,,,,,
212393,Other chemical and fertilizer mineral mining,N,,,,,,,,,,,,,,,,,,,,,,,
212399,All other nonmetallic mineral mining,N,,,,,,,,,,,,,,,,,,,,,,,
213111,Drilling oil and gas wells,N,,,,,,,,,,,,,,,,,,,,,,,
213112,Support activities for oil and gas operations,N,,,,,,,,,,,,,,,,,,,,,,,
213113,Support activities for coal mining,N,,,,,,,,,,,,,,,,,,,,,,,
213114,Support activities for metal mining,N,,,,,,,,,,,,,,,,,,,,,,,
213115,Support activities for nonmetallic minerals,N,,,,,,,,,,,,,,,,,,,,,,,
221111,Hydroelectric power generation,Y,1,2,Hydroelectric power plants,,,,,,,,,,,,,,,,,,,,
221112,Fossil fuel electric power generation,N,,,,,,,,,,,,,,,,,,,,,,,
221113,Nuclear electric power generation,Y,3,2,Nuclear power plants,,,,,,,,,,,,,,,,,,,,
221119,Other electric power generation,Y,1,2,"Biomass, solar, wind, geothermal, etc power plants",,,,,,,,,,,,,,,,,,,,
221121,Electric bulk power transmission and control,Y,1,4,Distribution of renewable energy,,,,,,,,,,,,,,,,,,,,
221122,Electric power distribution,Y,1,4,Distribution of renewable energy,,,,,,,,,,,,,,,,,,,,
221210,Natural gas distribution,N,,,,,,,,,,,,,,,,,,,,,,,
221310,Water supply and irrigation systems,Y,5,1,Water treatment plants,,,,,,,,,,,,,,,,,,,,
221320,Sewage treatment facilities,Y,5,1,Sewage treatment plants,,,,,,,,,,,,,,,,,,,,
221330,Steam and air-conditioning supply,Y,1,2,Geothermal steam production,,,,,,,,,,,,,,,,,,,,
236115,New single-family general contractors,Y,2,2,LEED single family residences,,,,,,,,,,,,,,,,,,,,
236116,New multifamily general contractors,Y,2,2,LEED apartment buildings,,,,,,,,,,,,,,,,,,,,
236117,New housing operative builders,Y,2,2,LEED buildings sold to clients,,,,,,,,,,,,,,,,,,,,
236118,Residential remodelers,Y,2,1,Weatherization,,,,,,,,,,,,,,,,,,,,
236210,Industrial building construction,Y,2,2,LEED-certified buildings,,,,,,,,,,,,,,,,,,,,
236220,Commercial building construction,Y,2,2,LEED-certified buildings,,,,,,,,,,,,,,,,,,,,
237110,Water and sewer system construction,Y,5,1,"Construction of water treatment plants, geothermal plants",,,,,,,,,,,,,,,,,,,,
237120,Oil and gas pipeline construction,N,,,,,,,,,,,,,,,,,,,,,,,
237130,Power and communication system construction,Y,1,2,Construction of renewable energy plants,,,,,,,,,,,,,,,,,,,,
237210,Land subdivision,Y,2,1,"Smart growth developments, power site development",,,,,,,,,,,,,,,,,,,,
237310,"Highway, street, and bridge construction",N,,,,,,,,,,,,,,,,,,,,,,,
237990,Other heavy construction,Y,1,1,"Nuclear waste disposal site construction, dams, parks, subways",,,,,,,,,,,,,,,,,,,,
238111,Residential poured foundation contractors,Y,2,2,"Pouring LEED-eligible foundations, pouring foundations for LEED construction projects",,,,,,,,,,,,,,,,,,,,
238112,Nonresidential poured foundation contractors,Y,2,2,"Pouring LEED-eligible foundations, pouring foundations for LEED construction projects",,,,,,,,,,,,,,,,,,,,
238121,Residential structural steel contractors,Y,5,2,Construction of LEED-eligible buildings,,,,,,,,,,,,,,,,,,,,
238122,Nonresidential structural steel contractors,Y,5,2,Construction of LEED-eligible buildings,,,,,,,,,,,,,,,,,,,,
238131,Residential framing contractors,Y,2,2,Construction of LEED- and Energy Star certified buildings,,,,,,,,,,,,,,,,,,,,
238132,Nonresidential framing contractors,Y,2,2,Construction of LEED- and Energy Star certified buildings,,,,,,,,,,,,,,,,,,,,
238141,Residential masonry contractors,Y,2,2,Construction of LEED-eligible buildings,,,,,,,,,,,,,,,,,,,,
238142,Nonresidential masonry contractors,Y,2,2,Construction of LEED-eligible buildings,,,,,,,,,,,,,,,,,,,,
238151,Residential glass and glazing contractors,Y,2,2,"Installation of Energy Star certified windows, LEED-eligible windows; installing windows on LEED construction project",,,,,,,,,,,,,,,,,,,,
238152,Nonresidential glass and glazing contractors,Y,2,2,"Installation of Energy Star certified windows, LEED-eligible windows; installing windows on LEED construction project",,,,,,,,,,,,,,,,,,,,
238161,Residential roofing contractors,Y,2,2,Installation of Energy Star certified,,,,,"roofs, LEED-eligible roof, roof work on LEED project",,,,,,,,,,,,,,,
238162,Nonresidential roofing contractors,Y,2,2,Installation of Energy Star certified,,,,,"roofs, LEED-eligible roof, roof work on LEED project",,,,,,,,,,,,,,,
238171,Residential siding contractors,Y,2,2,Installation of energy-efficient or LEED-eligible siding; installing siding on LEED project,,,,,,,,,,,,,,,,,,,,
238172,Nonresidential siding contractors,Y,2,2,Installation of energy-efficient or LEED-eligible siding; installing siding on LEED project,,,,,,,,,,,,,,,,,,,,
238191,Other residential exterior contractors,Y,2,2,Building of curtain walls to LEED standards,,,,,,,,,,,,,,,,,,,,
238192,Other nonresidential exterior contractors,Y,2,2,Building of curtain walls to LEED standards,,,,,,,,,,,,,,,,,,,,
238211,Residential electrical contractors,Y,2,2,Installation of efficient environmental control systems,,,,,,,,,,,,,,,,,,,,
238212,Nonresidential electrical contractors,Y,2,2,Installation of efficient environmental control systems,,,,,,,,,,,,,,,,,,,,
238221,Residential plumbing and HVAC contractors,Y,2,2,Installation of Energy Star HVAC systems,,,,,,,,,,,,,,,,,,,,
238222,Nonresidential plumbing and HVAC contractors,Y,2,2,Installation of Energy Star HVAC systems,,,,,,,,,,,,,,,,,,,,
238291,Other residential building equipment contractors,Y,2,2,Installation of revolving doors for LEED standards,,,,,,,,,,,,,,,,,,,,
238292,Other nonresidential bldg equipment contractors,Y,2,2,Installation of revolving doors for LEED standards,,,,,,,,,,,,,,,,,,,,
238311,Residential drywall contractors,Y,5,2,Installation of LEED-eligible drywall,,,,,,,,,,,,,,,,,,,,
238312,Nonresidential drywall contractors,Y,5,2,Installation of LEED-eligible drywall,,,,,,,,,,,,,,,,,,,,
238321,Residential painting contractors,Y,4,2,Use of LEED-eligible paints meeting VOC limits,,,,,,,,,,,,,,,,,,,,
238322,Nonresidential painting contractors,Y,4,2,Use of LEED-eligible paints meeting VOC limits,,,,,,,,,,,,,,,,,,,,
238331,Residential flooring contractors,Y,4,2,"Use of LEED-eligible, low-emitting material-based floorings",,,,,,,,,,,,,,,,,,,,
238332,Nonresidential flooring contractors,Y,4,2,"Use of LEED-eligible, low-emitting material-based floorings",,,,,,,,,,,,,,,,,,,,
238341,Residential tile and terrazzo contractors,Y,4,2,"Use of LEED-eligible, low-emitting material-based tiles",,,,,,,,,,,,,,,,,,,,
238342,Nonresidential tile and terrazzo contractors,Y,4,2,"Use of LEED-eligible, low-emitting material-based tiles",,,,,,,,,,,,,,,,,,,,
238351,Residential finish carpentry contractors,Y,2,2,Installation of LEED-eligible windows,,,,,,,,,,,,,,,,,,,,
238352,Nonresidential finish carpentry contractors,Y,2,,Installation of LEED-eli,2,,gible windows,,,,,,,,,,,,,,,,,
238391,Other residential finishing contractors,Y,2,2,Installation of LEED-eligible weather stripping,,,,,,,,,,,,,,,,,,,,
238392,Other nonresidential finishing contractors,Y,2,2,Installation of LEED-eligible weather stripping,,,,,,,,,,,,,,,,,,,,
238911,Residential site preparation contractors,Y,6,2,LEED-eligible demolition contractors,,,,,,,,,,,,,,,,,,,,
238912,Nonresidential site preparation contractors,Y,6,2,LEED-eligible demolition contractors,,,,,,,,,,,,,,,,,,,,
238991,All other residential trade contractors,Y,6,2,LEED-eligible concrete paving,,,,,,,,,,,,,,,,,,,,
238992,All other nonresidential trade contractors,Y,6,2,LEED-eligible concrete paving,,,,,,,,,,,,,,,,,,,,
311111,Dog and cat food manufacturing,Y,6,2,USDA certified organic pet food,,,,,,,,,,,,,,,,,,,,
311119,Other animal food manufacturing,Y,6,2,USDA certified organic animal feed,,,,,,,,,,,,,,,,,,,,
311211,Flour milling,Y,6,2,USDA certified organic flour,,,,,,,,,,,,,,,,,,,,
311212,Rice milling,Y,6,2,USDA certified organic rice,,,,,,,,,,,,,,,,,,,,
311213,Malt manufacturing,Y,6,2,USDA certified organic malts for brewing,,,,,,,,,,,,,,,,,,,,
311221,Wet corn milling,Y,6,2,USDA certified organic corn syrup,,,,,,,,,,,,,,,,,,,,
311222,Soybean processing,Y,6,2,USDA certified organic soybean oil,,,,,,,,,,,,,,,,,,,,
311223,Other oilseed processing,Y,6,2,USDA certified organic food products,,,,,,,,,,,,,,,,,,,,
311225,Fats and oils refining and blending,Y,6,2,USDA certified organic food products,,,,,,,,,,,,,,,,,,,,
311230,Breakfast cereal manufacturing,Y,6,2,USDA certified organic food products,,,,,,,,,,,,,,,,,,,,
311311,Sugarcane mills,Y,6,2,USDA certified organic food products,,,,,,,,,,,,,,,,,,,,
311312,Cane sugar refining,Y,6,2,USDA certified organic food products,,,,,,,,,,,,,,,,,,,,
311313,Beet sugar manufacturing,Y,6,2,USDA certified organic food products,,,,,,,,,,,,,,,,,,,,
311320,Confectionery manufacturing from cacao beans,Y,6,2,USDA certified organic food products,,,,,,,,,,,,,,,,,,,,
311330,Confectionery mfg. from purchased chocolate,Y,6,2,USDA certified organic food products,,,,,,,,,,,,,,,,,,,,
311340,Nonchocolate confectionery manufacturing,Y,6,2,USDA certified organic food products,,,,,,,,,,,,,,,,,,,,
311411,Frozen fruit and vegetable manufacturing,Y,6,2,USDA certified organic food products,,,,,,,,,,,,,,,,,,,,
311412,Frozen specialty food manufacturing,Y,6,2,USDA certified organic food products,,,,,,,,,,,,,,,,,,,,
311421,Fruit and vegetable canning,Y,6,2,USDA certified organic food products,,,,,,,,,,,,,,,,,,,,
311422,Specialty canning,Y,6,2,USDA certified organic food products,,,,,,,,,,,,,,,,,,,,
311423,Dried and dehydrated food manufacturing,Y,6,2,USDA certified organic food products,,,,,,,,,,,,,,,,,,,,
311511,Fluid milk manufacturing,Y,6,2,USDA certified organic food products,,,,,,,,,,,,,,,,,,,,
311512,Creamery butter manufacturing,Y,6,2,USDA certified organic food products,,,,,,,,,,,,,,,,,,,,
311513,Cheese manufacturing,Y,6,2,USDA certified organic food products,,,,,,,,,,,,,,,,,,,,
311514,"Dry, condensed, and evaporated dairy products",Y,6,2,USDA certified organic food products,,,,,,,,,,,,,,,,,,,,
311520,Ice cream and frozen dessert manufacturing,Y,6,2,USDA certified organic food products,,,,,,,,,,,,,,,,,,,,
311611,"Animal, except poultry, slaughtering",Y,6,2,USDA certified organic food products,,,,,,,,,,,,,,,,,,,,
311612,Meat processed from carcasses,Y,6,2,USDA certified organic food products,,,,,,,,,,,,,,,,,,,,
311613,Rendering and meat byproduct processing,Y,6,2,USDA certified organic food products,,,,,,,,,,,,,,,,,,,,
311615,Poultry processing,Y,6,2,USDA certified organic food products,,,,,,,,,,,,,,,,,,,,
311711,Seafood canning,Y,6,2,USDA certified organic food products,,,,,,,,,,,,,,,,,,,,
311712,Fresh and frozen seafood processing,Y,6,2,USDA certified organic food products,,,,,,,,,,,,,,,,,,,,
311811,Retail bakeries,Y,6,2,USDA certified organic food products,,,,,,,,,,,,,,,,,,,,
311812,Commercial bakeries,Y,6,2,USDA certified organic food products,,,,,,,,,,,,,,,,,,,,
311813,Frozen cakes and other pastries manufacturing,Y,6,2,USDA certified organic food products,,,,,,,,,,,,,,,,,,,,
311821,Cookie and cracker manufacturing,Y,6,2,USDA certified organic food products,,,,,,,,,,,,,,,,,,,,
311822,Mixes and dough made from purchased flour,Y,6,2,USDA certified organic food products,,,,,,,,,,,,,,,,,,,,
311823,Dry pasta manufacturing,Y,6,2,USDA certified organic food products,,,,,,,,,,,,,,,,,,,,
311830,Tortilla manufacturing,Y,6,2,USDA certified organic food products,,,,,,,,,,,,,,,,,,,,
311911,Roasted nuts and peanut butter manufacturing,Y,6,2,USDA certified organic food products,,,,,,,,,,,,,,,,,,,,
311919,Other snack food manufacturing,Y,6,2,USDA certified organic food products,,,,,,,,,,,,,,,,,,,,
311920,Coffee and tea manufacturing,Y,6,2,USDA certified organic food products,,,,,,,,,,,,,,,,,,,,
311930,Flavoring syrup and concentrate manufacturing,Y,6,2,USDA certified organic food products,,,,,,,,,,,,,,,,,,,,
311941,"Mayonnaise, dressing, and sauce manufacturing",Y,6,2,USDA certified organic food products,,,,,,,,,,,,,,,,,,,,
311942,Spice and extract manufacturing,Y,6,2,USDA certified organic food products,,,,,,,,,,,,,,,,,,,,
311991,Perishable prepared food manufacturing,Y,6,2,USDA certified organic food products,,,,,,,,,,,,,,,,,,,,
311999,All other miscellaneous food manufacturing,Y,6,2,USDA certified organic food products,,,,,,,,,,,,,,,,,,,,
312111,Soft drink manufacturing,Y,6,2,USDA certified organic food products,,,,,,,,,,,,,,,,,,,,
312112,Bottled water manufacturing,N,,,,,,,,,,,,,,,,,,,,,,,
312113,Ice manufacturing,N,,,,,,,,,,,,,,,,,,,,,,,
312120,Breweries,Y,6,2,USDA certified organic food products,,,,,,,,,,,,,,,,,,,,
312130,Wineries,Y,6,2,USDA certified organic food products,,,,,,,,,,,,,,,,,,,,
312140,Distilleries,Y,6,2,USDA certified organic food products,,,,,,,,,,,,,,,,,,,,
312210,Tobacco stemming and redrying,Y,6,2,USDA certified organic tobacco products,,,,,,,,,,,,,,,,,,,,
312221,Cigarette manufacturing,Y,6,2,USDA certified organic tobacco products,,,,,,,,,,,,,,,,,,,,
312229,Other tobacco product manufacturing,Y,6,2,USDA certified organic tobacco products,,,,,,,,,,,,,,,,,,,,
313111,Yarn spinning mills,Y,6,2,"USDA certified organic cotton, wool",,,,,,,,,,,,,,,,,,,,
313112,Yarn texturizing and twisting mills,Y,6,2,"USDA certified organic cotton, wool",,,,,,,,,,,,,,,,,,,,
313113,Thread mills,Y,6,2,"USDA certified organic cotton, wool",,,,,,,,,,,,,,,,,,,,
313210,Broadwoven fabric mills,Y,6,2,USDA certified organic textiles,,,,,,,,,,,,,,,,,,,,
313221,Narrow fabric mills,Y,6,2,USDA certified organic textiles,,,,,,,,,,,,,,,,,,,,
313222,Schiffli machine embroidery,N,,,,,,,,,,,,,,,,,,,,,,,
313230,Nonwoven fabric mills,Y,6,2,USDA certified organic textiles,,,,,,,,,,,,,,,,,,,,
313241,Weft knit fabric mills,Y,6,2,USDA certified organic textiles,,,,,,,,,,,,,,,,,,,,
313249,Other knit fabric and lace mills,Y,6,2,USDA certified organic textiles,,,,,,,,,,,,,,,,,,,,
313311,Broadwoven fabric finishing mills,N,,,,,,,,,,,,,,,,,,,,,,,
313312,Other textile and fabric finishing mills,N,,,,,,,,,,,,,,,,,,,,,,,
313320,Fabric coating mills,N,,,,,,,,,,,,,,,,,,,,,,,
314110,Carpet and rug mills,Y,2,2,LEED-eligible carpeting,,,,,,,,,,,,,,,,,,,,
314121,Curtain and drapery mills,Y,2,2,LEED-eligible curtains,,,,,,,,,,,,,,,,,,,,
314129,Other household textile product mills,N,,,,,,,,,,,,,,,,,,,,,,,
314911,Textile bag mills,N,,,,,,,,,,,,,,,,,,,,,,,
314912,Canvas and related product mills,N,,,,,,,,,,,,,,,,,,,,,,,
314991,"Rope, cordage, and twine mills",N,,,,,,,,,,,,,,,,,,,,,,,
314992,Tire cord and tire fabric mills,N,,,,,,,,,,,,,,,,,,,,,,,
314999,All other miscellaneous textile product mills,Y,5,2,Reclaimed wool processing,,,,,,,,,,,,,,,,,,,,
315111,Sheer hosiery mills,N,,,,,,,,,,,,,,,,,,,,,,,
315119,Other hosiery and sock mills,N,,,,,,,,,,,,,,,,,,,,,,,
315191,Outerwear knitting mills,N,,,,,,,,,,,,,,,,,,,,,,,
315192,Underwear and nightwear knitting mills,N,,,,,,,,,,,,,,,,,,,,,,,
315211,Men's and boys’ apparel contractors,N,,,,,,,,,,,,,,,,,,,,,,,
315212,"Women's, girls’, infants’ apparel contractors",N,,,,,,,,,,,,,,,,,,,,,,,
315221,Men's and boys’ underwear and nightwear mfg,N,,,,,,,,,,,,,,,,,,,,,,,
315222,"Men's and boys’ suit, coat, and overcoat mfg",N,,,,,,,,,,,,,,,,,,,,,,,
315223,"Men's and boys’ shirt, except work shirt, mfg",N,,,,,,,,,,,,,,,,,,,,,,,
315224,"Men's and boys’ pants, except work pants, mfg",N,,,,,,,,,,,,,,,,,,,,,,,
315225,Men's and boys’ work clothing manufacturing,N,,,,,,,,,,,,,,,,,,,,,,,
315228,Other men's and boys’ outerwear manufacturing,N,,,,,,,,,,,,,,,,,,,,,,,
315231,Women's and girls’ lingerie and nightwear mfg,N,,,,,,,,,,,,,,,,,,,,,,,
315232,Women's and girls’ blouse and shirt mfg,N,,,,,,,,,,,,,,,,,,,,,,,
315233,Women's and girls’ dress manufacturing,N,,,,,,,,,,,,,,,,,,,,,,,
315234,"Women's & girls’ suit, coat & skirt mfg",N,,,,,,,,,,,,,,,,,,,,,,,
315239,Other women's and girls’ outerwear mfg,N,,,,,,,,,,,,,,,,,,,,,,,
315291,Infants' cut and sew apparel mfg,N,,,,,,,,,,,,,,,,,,,,,,,
315292,Fur and leather apparel manufacturing,N,,,,,,,,,,,,,,,,,,,,,,,
315299,All other cut and sew apparel manufacturing,N,,,,,,,,,,,,,,,,,,,,,,,
315991,"Hat, cap, and millinery manufacturing",N,,,,,,,,,,,,,,,,,,,,,,,
315992,Glove and mitten manufacturing,N,,,,,,,,,,,,,,,,,,,,,,,
315993,Men's and boys' neckwear manufacturing,N,,,,,,,,,,,,,,,,,,,,,,,
315999,All other accessory and apparel manufacturing,N,,,,,,,,,,,,,,,,,,,,,,,
316110,Leather and hide tanning and finishing,N,,,,,,,,,,,,,,,,,,,,,,,
316211,Rubber and plastics footwear manufacturing,N,,,,,,,,,,,,,,,,,,,,,,,
316212,House slipper manufacturing,N,,,,,,,,,,,,,,,,,,,,,,,
316213,Men's nonathletic footwear manufacturing,N,,,,,,,,,,,,,,,,,,,,,,,
316214,Women's nonathletic footwear manufacturing,N,,,,,,,,,,,,,,,,,,,,,,,
316219,Other footwear manufacturing,N,,,,,,,,,,,,,,,,,,,,,,,
316991,Luggage manufacturing,N,,,,,,,,,,,,,,,,,,,,,,,
316992,Women's handbag and purse manufacturing,N,,,,,,,,,,,,,,,,,,,,,,,
316993,Other personal leather good manufacturing,N,,,,,,,,,,,,,,,,,,,,,,,
316999,All other leather and allied good mfg.,N,,,,,,,,,,,,,,,,,,,,,,,
321113,Sawmills,N,,,,,,,,,,,,,,,,,,,,,,,
321114,Wood preservation,Y,2,2,Production of LEED-eligible construction materials,,,,,,,,,,,,,,,,,,,,
321211,Hardwood veneer and plywood manufacturing,Y,4,2,Production of LEED-eligible construction materials,,,,,,,,,,,,,,,,,,,,
321212,Softwood veneer and plywood manufacturing,Y,4,2,Production of LEED-eligible construction materials,,,,,,,,,,,,,,,,,,,,
321213,Engineered wood member manufacturing,Y,4,2,Production of LEED-eligible construction materials,,,,,,,,,,,,,,,,,,,,
321214,Truss manufacturing,Y,4,2,Production of LEED-eligible construction materials,,,,,,,,,,,,,,,,,,,,
321219,Reconstituted wood product manufacturing,Y,4,2,Production of LEED-eligible construction materials,,,,,,,,,,,,,,,,,,,,
321911,Wood window and door manufacturing,Y,4,2,Production of LEED-eligible construction materials,,,,,,,,,,,,,,,,,,,,
321912,"Cut stock, resawing lumber, and planing",N,,,,,,,,,,,,,,,,,,,,,,,
321918,"Other millwork, including flooring",Y,4,2,Production of LEED-eligible construction materials,,,,,,,,,,,,,,,,,,,,
321920,Wood container and pallet mfg,N,,,,,,,,,,,,,,,,,,,,,,,
321991,"Manufactured home, mobile home mfg",Y,4,2,"LEED-eligible, Energy Star prefabricated homes",,,,,,,,,,,,,,,,,,,,
321992,Prefabricated wood building mfg,Y,4,2,"LEED-eligible, Energy Star prefabricated homes",,,,,,,,,,,,,,,,,,,,
321999,Miscellaneous wood product mfg,N,,,,,,,,,,,,,,,,,,,,,,,
322110,Pulp mills,Y,5,2,Pulp made with recycled inputs,,,,,,,,,,,,,,,,,,,,
322121,"Paper, except newsprint, mills",Y,5,2,Paper made with recycled inputs,,,,,,,,,,,,,,,,,,,,
322122,Newsprint mills,Y,5,2,Newsprint made with recycled inputs,,,,,,,,,,,,,,,,,,,,
322130,Paperboard mills,Y,5,2,Paperboard made with recycled inputs,,,,,,,,,,,,,,,,,,,,
322211,Corrugated and solid fiber box mfg,N,,,,,,,,,,,,,,,,,,,,,,,
322212,Folding paperboard box manufacturing,N,,,,,,,,,,,,,,,,,,,,,,,
322213,Setup paperboard box manufacturing,N,,,,,,,,,,,,,,,,,,,,,,,
322214,"Fiber can, tube, and drum mfg",N,,,,,,,,,,,,,,,,,,,,,,,
322215,Nonfolding sanitary food container mfg.,N,,,,,,,,,,,,,,,,,,,,,,,
322221,Coated and laminated packaging paper mfg.,N,,,,,,,,,,,,,,,,,,,,,,,
322222,Coated and laminated paper manufacturing,N,,,,,,,,,,,,,,,,,,,,,,,
322223,Coated paper bag and pouch manufacturing,N,,,,,,,,,,,,,,,,,,,,,,,
322224,Uncoated paper and multiwall bag mfg.,N,,,,,,,,,,,,,,,,,,,,,,,
322225,Flexible packaging foil manufacturing,N,,,,,,,,,,,,,,,,,,,,,,,
322226,Surface-coated paperboard manufacturing,N,,,,,,,,,,,,,,,,,,,,,,,
322231,Die-cut paper office supplies manufacturing,N,,,,,,,,,,,,,,,,,,,,,,,
322232,Envelope manufacturing,N,,,,,,,,,,,,,,,,,,,,,,,
322233,Stationery and related product manufacturing,N,,,,,,,,,,,,,,,,,,,,,,,
322291,Sanitary paper product manufacturing,N,,,,,,,,,,,,,,,,,,,,,,,
322299,All other converted paper product mfg.,N,,,,,,,,,,,,,,,,,,,,,,,
323110,Commercial lithographic printing,N,,,,,,,,,,,,,,,,,,,,,,,
323111,Commercial gravure printing,N,,,,,,,,,,,,,,,,,,,,,,,
323112,Commercial flexographic printing,N,,,,,,,,,,,,,,,,,,,,,,,
323113,Commercial screen printing,N,,,,,,,,,,,,,,,,,,,,,,,
323114,Quick printing,N,,,,,,,,,,,,,,,,,,,,,,,
323115,Digital printing,N,,,,,,,,,,,,,,,,,,,,,,,
323116,Manifold business forms printing,N,,,,,,,,,,,,,,,,,,,,,,,
323117,Books printing,N,,,,,,,,,,,,,,,,,,,,,,,
323118,Blankbook and looseleaf binder manufacturing,N,,,,,,,,,,,,,,,,,,,,,,,
323119,Other commercial printing,N,,,,,,,,,,,,,,,,,,,,,,,
323121,Tradebinding and related work,N,,,,,,,,,,,,,,,,,,,,,,,
323122,Prepress services,N,,,,,,,,,,,,,,,,,,,,,,,
324110,Petroleum refineries,N,,,,,,,,,,,,,,,,,,,,,,,
324121,Asphalt paving mixture and block mfg.,Y,5,2,Rubberized asphalt,,,,,,,,,,,,,,,,,,,,
324122,Asphalt shingle and coating materials mfg.,Y,2,2,LEED-eligible roofing asphalt,,,,,,,,,,,,,,,,,,,,
324191,Petroleum lubricating oil and grease mfg.,N,,,,,,,,,,,,,,,,,,,,,,,
324199,All other petroleum and coal products mfg.,N,,,,,,,,,,,,,,,,,,,,,,,
325110,Petrochemical manufacturing,N,,,,,,,,,,,,,,,,,,,,,,,
325120,Industrial gas manufacturing,N,,,,,,,,,,,,,,,,,,,,,,,
325131,Inorganic dye and pigment mfg,N,,,,,,,,,,,,,,,,,,,,,,,
325132,Synthetic organic dye and pigment mfg.,N,,,,,,,,,,,,,,,,,,,,,,,
325181,Alkalies and chlorine manufacturing,N,,,,,,,,,,,,,,,,,,,,,,,
325182,Carbon black manufacturing,N,,,,,,,,,,,,,,,,,,,,,,,
325188,All other basic inorganic chemical mfg.,N,,,,,,,,,,,,,,,,,,,,,,,
325191,Gum and wood chemical manufacturing,N,,,,,,,,,,,,,,,,,,,,,,,
325192,Cyclic crude and intermediate manufacturing,N,,,,,,,,,,,,,,,,,,,,,,,
325193,Ethyl alcohol manufacturing,Y,1,2,Ethanol production,,,,,,,,,,,,,,,,,,,,
325199,All other basic organic chemical mfg.,Y,1,2,Transesterification of vegetable oils to produce fuels or fuel additives,,,,,,,,,,,,,,,,,,,,
325211,Plastics material and resin mfg,N,,,,,,,,,,,,,,,,,,,,,,,
325212,Synthetic rubber manufacturing,N,,,,,,,,,,,,,,,,,,,,,,,
325221,Cellulosic organic fiber manufacturing,N,,,,,,,,,,,,,,,,,,,,,,,
325222,Noncellulosic organic fiber manufacturing,N,,,,,,,,,,,,,,,,,,,,,,,
325311,Nitrogenous fertilizer manufacturing,Y,5,,Fertilizers a,3,pproved for use in USDA certified organic agriculture; fertilizer from sewage or animal waste,,,,,,,,,,,,,,,,,,
325312,Phosphatic fertilizer manufacturing,Y,5,3,Fertilizers approved for use in USDA certified organic agriculture,,,,,,,,,,,,,,,,,,,,
325314,"Fertilizer, mixing only, manufacturing",Y,5,3,Fertilizers approved for use in USDA certified organic agriculture,,,,,,,,,,,,,,,,,,,,
325320,Pesticide and other ag. chemical mfg.,Y,5,3,Pesticides approved for use in USDA certified organic agriculture,,,,,,,,,,,,,,,,,,,,
325411,Medicinal and botanical manufacturing,Y,6,3,USDA certified organic ingredients for medicine preparation,,,,,,,,,,,,,,,,,,,,
325412,Pharmaceutical preparation mfg,N,,,,,,,,,,,,,,,,,,,,,,,
325413,In-vitro diagnostic substance mfg,N,,,,,,,,,,,,,,,,,,,,,,,
325414,Other biological product manufacturing,N,,,,,,,,,,,,,,,,,,,,,,,
325510,Paint and coating manufacturing,Y,4,2,LEED-eligible low VOC paints,,,,,,,,,,,,,,,,,,,,
325520,Adhesive manufacturing,Y,4,2,LEED-eligible low VOC adhesives,,,,,,,,,,,,,,,,,,,,
325611,Soap and other detergent manufacturing,Y,4,2,Biodegradable soap,,,,,,,,,,,,,,,,,,,,
325612,Polish and other sanitation good mfg.,Y,4,2,LEED-eligible low VOC polishes,,,,,,,,,,,,,,,,,,,,
325613,Surface active agent manufacturing,N,,,,,,,,,,,,,,,,,,,,,,,
325620,Toilet preparation manufacturing,Y,4,2,"USDA certified organic personal care products (shampoo, soap)",,,,,,,,,,,,,,,,,,,,
325910,Printing ink manufacturing,Y,4,2,Soy-based printing inks,,,,,,,,,,,,,,,,,,,,
325920,Explosives manufacturing,N,,,,,,,,,,,,,,,,,,,,,,,
325991,Custom compounding of purchased resins,Y,5,2,Reformulating plastics resins from recycled plastics products,,,,,,,,,,,,,,,,,,,,
325992,Photographic film and chemical manufacturing,N,,,,,,,,,,,,,,,,,,,,,,,
325998,Other miscellaneous chemical product mfg.,Y,4,2,Soy-based writing inks,,,,,,,,,,,,,,,,,,,,
326111,Plastics bag and pouch manufacturing,Y,5,2,Plastic bags from recycled plastic resins,,,,,,,,,,,,,,,,,,,,
326112,Plastics packaging film and sheet mfg.,Y,5,2,Plastic packaging from recycled plastic resins,,,,,,,,,,,,,,,,,,,,
326113,Nonpackaging plastics film and sheet mfg.,Y,5,2,Plastic film from recycled plastic resins,,,,,,,,,,,,,,,,,,,,
326121,Unlaminated plastics profile shape mfg,Y,5,2,Plastic non-rigid shapes from recycled plastic resins,,,,,,,,,,,,,,,,,,,,
326122,Plastics pipe and pipe fitting mfg,Y,5,2,Plastic pipes from recycled plastic resins,,,,,,,,,,,,,,,,,,,,
326130,"Laminated plastics plate, sheet, and shapes",Y,5,2,Laminated plastic shapes from recycled plastic resins,,,,,,,,,,,,,,,,,,,,
326140,Polystyrene foam product mfg,Y,5,2,Polystyrene foam from recycled plastic resins,,,,,,,,,,,,,,,,,,,,
326150,Urethane and other foam product mfg,Y,5,2,Urethane foam from recycled plastic resins,,,,,,,,,,,,,,,,,,,,
326160,Plastics bottle manufacturing,Y,5,2,Plastic bottles from recycled plastic resins,,,,,,,,,,,,,,,,,,,,
326191,Plastics plumbing fixture mfg,Y,5,2,Plastic plumbing fixtures from recycled plastic resins; EPA WaterSense certified plumbing fixtures,,,,,,,,,,,,,,,,,,,,
326192,Resilient floor covering manufacturing,Y,2,2,LEED-eligible floor coverings,,,,,,,,,,,,,,,,,,,,
326199,All other plastics product manufacturing,Y,5,2,Other plastic products (utensils) from recycled plastic resins,,,,,,,,,,,,,,,,,,,,
326211,"Tire manufacturing, except retreading",N,,,,,,,,,,,,,,,,,,,,,,,
326212,Tire retreading,Y,5,2,Retread tires,,,,,,,,,,,,,,,,,,,,
326220,Rubber and plastics hose and belting mfg.,N,,,,,,,,,,,,,,,,,,,,,,,
326291,Rubber product mfg. for mechanical use,N,,,,,,,,,,,,,,,,,,,,,,,
326299,All other rubber product manufacturing,Y,5,2,Reclaiming rubber from waste or scrap,,,,,,,,,,,,,,,,,,,,
327111,Vitreous china plumbing fixture mfg,Y,6,2,EPA WaterSense certified plumbing fixtures,,,,,,,,,,,,,,,,,,,,
327112,Vitreous china and earthenware articles mfg.,Y,6,2,EPA WaterSense certified plumbing fixtures,,,,,,,,,,,,,,,,,,,,
327113,Porcelain electrical supply mfg,N,,,,,,,,,,,,,,,,,,,,,,,
327121,Brick and structural clay tile mfg,Y,2,2,Production of LEED-eligible construction materials,,,,,,,,,,,,,,,,,,,,
327122,Ceramic wall and floor tile manufacturing,Y,2,2,Production of LEED-eligible construction materials,,,,,,,,,,,,,,,,,,,,
327123,Other structural clay product manufacturing,Y,2,2,Production of LEED-eligible construction materials,,,,,,,,,,,,,,,,,,,,
327124,Clay refractory manufacturing,Y,2,2,Production of LEED-eligible construction materials,,,,,,,,,,,,,,,,,,,,
327125,Nonclay refractory manufacturing,Y,2,2,Production of LEED-eligible construction materials,,,,,,,,,,,,,,,,,,,,
327211,Flat glass manufacturing,Y,5,2,Flat glass from recycled inputs (cullet),,,,,,,,,,,,,,,,,,,,
327212,Other pressed and blown glass and glassware,Y,5,2,Glassware from recycled inputs (cullet),,,,,,,,,,,,,,,,,,,,
327213,Glass container manufacturing,Y,5,2,Glass containers from recycled inputs (cullet),,,,,,,,,,,,,,,,,,,,
327215,Glass product mfg. made of purchased glass,N,,,,,,,,,,,,,,,,,,,,,,,
327310,Cement manufacturing,Y,2,2,LEED-eligible cement,,,,,,,,,,,,,,,,,,,,
327320,Ready-mix concrete manufacturing,Y,2,2,LEED-eligible concrete,,,,,,,,,,,,,,,,,,,,
327331,Concrete block and brick manufacturing,Y,2,2,LEED-eligible concrete blocks,,,,,,,,,,,,,,,,,,,,
327332,Concrete pipe manufacturing,Y,2,2,LEED-eligible concrete pipes,,,,,,,,,,,,,,,,,,,,
327390,Other concrete product manufacturing,Y,2,2,LEED-eligible concrete roofing tile,,,,,,,,,,,,,,,,,,,,
327410,Lime manufacturing,Y,2,2,LEED-eligible limestone,,,,,,,,,,,,,,,,,,,,
327420,Gypsum product manufacturing,Y,2,2,LEED-eligible gypsum board,,,,,,,,,,,,,,,,,,,,
327910,Abrasive product manufacturing,N,,,,,,,,,,,,,,,,,,,,,,,
327991,Cut stone and stone product manufacturing,N,,,,,,,,,,,,,,,,,,,,,,,
327992,Ground or treated minerals & earths mfg,N,,,,,,,,,,,,,,,,,,,,,,,
327993,Mineral wool manufacturing,Y,2,2,Insulation materials,,,,,,,,,,,,,,,,,,,,
327999,Miscellaneous nonmetallic mineral products,Y,2,2,LEED-eligible dry mix concrete,,,,,,,,,,,,,,,,,,,,
331111,Iron and steel mills,Y,5,2,Use of recovered scrap metal in steel balls,,,,,,,,,,,,,,,,,,,,
331112,Ferroalloy and related product manufacturing,N,,,,,,,,,,,,,,,,,,,,,,,
331210,"Iron, steel pipe and tube from purchase steel",Y,5,2,Use of recovered scrap metal in steel pipe,,,,,,,,,,,,,,,,,,,,
331221,Rolled steel shape manufacturing,Y,5,2,Use of recovered scrap metal in steel bars,,,,,,,,,,,,,,,,,,,,
331222,Steel wire drawing,Y,5,2,Use of recovered scrap metal in steel wire,,,,,,,,,,,,,,,,,,,,
331311,Alumina refining,Y,5,2,Use of recovered scrap metal in alumina refining,,,,,,,,,,,,,,,,,,,,
331312,Primary aluminum production,Y,5,2,Use of recovered scrap metal in aluminum production,,,,,,,,,,,,,,,,,,,,
331314,Secondary smelting and alloying of aluminum,Y,5,2,Use of recovered scrap metal in aluminum production,,,,,,,,,,,,,,,,,,,,
331315,"Aluminum sheet, plate, and foil mfg",Y,5,2,Use of recovered scrap metal in aluminum production,,,,,,,,,,,,,,,,,,,,
331316,Aluminum extruded product mfg,Y,5,2,Use of recovered scrap metal in aluminum production,,,,,,,,,,,,,,,,,,,,
331319,Other aluminum rolling and drawing,Y,5,2,Use of recovered scrap metal in aluminum production,,,,,,,,,,,,,,,,,,,,
331411,Primary smelting and refining of copper,N,,,,,,,,,,,,,,,,,,,,,,,
331419,Primary nonferrous metal except Cu & Al,N,,,,,,,,,,,,,,,,,,,,,,,
331421,"Copper rolling, drawing, and extruding",Y,5,2,Use of recovered scrap metal in copper products,,,,,,,,,,,,,,,,,,,,
331422,"Copper wire, except mechanical, drawing",Y,5,2,Use of recovered scrap metal in copper products,,,,,,,,,,,,,,,,,,,,
331423,Secondary processing of copper,Y,5,2,Use of recovered scrap metal in copper products,,,,,,,,,,,,,,,,,,,,
331491,"Nonferrous metal, except Cu and Al, shaping",Y,5,2,Use of recovered scrap metal in nonferrous metal products,,,,,,,,,,,,,,,,,,,,
331492,Secondary processing of other nonferrous,Y,5,2,Use of recovered scrap metal in nonferrous metal products,,,,,,,,,,,,,,,,,,,,
331511,Iron foundries,Y,1,3,"Identifiable, specialized inputs for renewable energy",,,,,,,,,,,,,,,,,,,,
331512,Steel investment foundries,Y,1,3,"Identifiable, specialized inputs for renewable energy",,,,,,,,,,,,,,,,,,,,
331513,"Steel foundries, except investment",Y,1,3,"Identifiable, specialized inputs for renewable energy",,,,,,,,,,,,,,,,,,,,
331521,Aluminum die-casting foundries,Y,1,3,"Identifiable, specialized inputs for renewable energy",,,,,,,,,,,,,,,,,,,,
331522,"Nonferrous, except Al, die-casting foundries",Y,1,3,"Identifiable, specialized inputs for renewable energy",,,,,,,,,,,,,,,,,,,,
331524,"Aluminum foundries, except die-casting",Y,1,3,"Identifiable, specialized inputs for renewable energy",,,,,,,,,,,,,,,,,,,,
331525,"Copper foundries, except die-casting",Y,1,3,"Identifiable, specialized inputs for renewable energy",,,,,,,,,,,,,,,,,,,,bl
331528,"Other nonferrous foundries, exc. Die-casting",Y,1,3,"Identifiable, specialized inputs for renewable energy",,,,,,,,,,,,,,,,,,,,
332111,Iron and steel forging,Y,1,3,"Identifiable, specialized inputs for renewable energy",,,,,,,,,,,,,,,,,,,,
332112,Nonferrous forging,Y,1,3,"Identifiable, specialized inputs for renewable energy",,,,,,,,,,,,,,,,,,,,
332114,Custom roll forming,N,,,,,,,,,,,,,,,,,,,,,,,
332115,Crown and closure manufacturing,N,,,,,,,,,,,,,,,,,,,,,,,
332116,Metal stamping,N,,,,,,,,,,,,,,,,,,,,,,,
332117,Powder metallurgy part manufacturing,N,,,,,,,,,,,,,,,,,,,,,,,
332211,"Cutlery & flatware except precious, mfg",N,,,,,,,,,,,,,,,,,,,,,,,
332212,Hand and edge tool manufacturing,N,,,,,,,,,,,,,,,,,,,,,,,
332213,Saw blade and handsaw mfg,N,,,,,,,,,,,,,,,,,,,,,,,
332214,"Kitchen utensil, pot, and pan mfg",N,,,,,,,,,,,,,,,,,,,,,,,
332311,Prefabricated metal buildings and components,N,,,,,,,,,,,,,,,,,,,,,,,
332312,Fabricated structural metal mfg,Y,2,2,LEED-eligible concrete reinforcing bars,,,,,,,,,,,,,,,,,,,,
332313,Plate work manufacturing,N,,,,,,,,,,,,,,,,,,,,,,,
332321,Metal window and door manufacturing,Y,2,2,"LEED-eligible, Energy Star certified metal windows",,,,,,,,,,,,,,,,,,,,
332322,Sheet metal work manufacturing,N,,,,,,,,,,,,,,,,,,,,,,,
332323,Ornamental and architectural metal work mfg.,N,,,,,,,,,,,,,,,,,,,,,,,
332410,Power boiler and heat exchanger manufacturing,N,,,,,,,,,,,,,,,,,,,,,,,
332420,"Metal tank, heavy gauge, mfg",N,,,,,,,,,,,,,,,,,,,,,,,
332431,Metal can manufacturing,N,,,,,,,,,,,,,,,,,,,,,,,
332439,Other metal container manufacturing,N,,,,,,,,,,,,,,,,,,,,,,,
332510,Hardware manufacturing,N,,,,,,,,,,,,,,,,,,,,,,,
332611,"Spring, heavy gauge, manufacturing",N,,,,,,,,,,,,,,,,,,,,,,,
332612,"Spring, light gauge, manufacturing",N,,,,,,,,,,,,,,,,,,,,,,,
332618,Other fabricated wire product mfg,N,,,,,,,,,,,,,,,,,,,,,,,
332710,Machine shops,N,,,,,,,,,,,,,,,,,,,,,,,
332721,Precision turned product mfg,N,,,,,,,,,,,,,,,,,,,,,,,
332722,"Bolt, nut, screw, rivet, and washer mfg.",N,,,,,,,,,,,,,,,,,,,,,,,
332811,Metal heat treating,N,,,,,,,,,,,,,,,,,,,,,,,
332812,Metal coating and nonprecious engraving,N,,,,,,,,,,,,,,,,,,,,,,,
332813,"Electroplating, anodizing, and coloring metal",N,,,,,,,,,,,,,,,,,,,,,,,
332911,Industrial valve manufacturing,Y,3,3,Valves for nuclear reactors,,,,,,,,,,,,,,,,,,,,
332912,Fluid power valve and hose fitting mfg.,N,,,,,,,,,,,,,,,,,,,,,,,
332913,Plumbing fixture fitting and trim mfg.,Y,2,2,EPA WaterSense certified faucets,,,,,,,,,,,,,,,,,,,,
332919,Other metal valve and pipe fitting mfg.,Y,2,2,EPA WaterSense certified plumbing devices,,,,,,,,,,,,,,,,,,,,
332991,Ball and roller bearing manufacturing,N,,,,,,,,,,,,,,,,,,,,,,,
332992,Small arms ammunition manufacturing,Y,4,2,Lead-free bullets,,,,,,,,,,,,,,,,,,,,
332993,"Ammunition, except small arms, manufacturing",N,,,,,,,,,,,,,,,,,,,,,,,
332994,Small arms manufacturing,N,,,,,,,,,,,,,,,,,,,,,,,
332995,Other ordnance and accessories mfg,N,,,,,,,,,,,,,,,,,,,,,,,
332996,Fabricated pipe and pipe fitting mfg.,Y,2,2,LEED-eligible pipes or pipe fittings,,,,,,,,,,,,,,,,,,,,
332997,Industrial pattern manufacturing,N,,,,,,,,,,,,,,,,,,,,,,,
332998,Enameled iron and metal sanitary ware mfg.,N,,,,,,,,,,,,,,,,,,,,,,,
332999,Misc fabricated metal product mfg.,N,,,,,,,,,,,,,,,,,,,,,,,
333111,Farm machinery and equipment manufacturing,N,,,,,,,,,,,,,,,,,,,,,,,
333112,Lawn and garden equipment manufacturing,Y,4,2,Electric lawnmowers,,,,,,,,,,,,,,,,,,,,
333120,Construction machinery manufacturing,N,,,,,,,,,,,,,,,,,,,,,,,
333131,Mining machinery & equipment mfg,N,,,,,,,,,,,,,,,,,,,,,,,
333132,Oil and gas field machinery and equipment,N,,,,,,,,,,,,,,,,,,,,,,,
333210,Sawmill and woodworking machinery,N,,,,,,,,,,,,,,,,,,,,,,,
333220,Plastics and rubber industry machinery,N,,,,,,,,,,,,,,,,,,,,,,,
333291,Paper industry machinery mfg,N,,,,,,,,,,,,,,,,,,,,,,,
333292,Textile machinery manufacturing,N,,,,,,,,,,,,,,,,,,,,,,,
333293,Printing machinery and equipment mfg,N,,,,,,,,,,,,,,,,,,,,,,,
333294,Food product machinery mfg,N,,,,,,,,,,,,,,,,,,,,,,,
333295,Semiconductor machinery mfg,N,,,,,,,,,,,,,,,,,,,,,,,
333298,All other industrial machinery mfg,N,,,,,,,,,,,,,,,,,,,,,,,
333311,Automatic vending machine mfg,Y,2,2,Energy Star certified vending machines,,,,,,,,,,,,,,,,,,,,
333312,Commercial laundry and drycleaning machinery,Y,2,2,Energy Star certified laundry machines,,,,,,,,,,,,,,,,,,,,
333313,Office machinery manufacturing,N,,,,,,,,,,,,,,,,,,,,,,,
333314,Optical instrument and lens mfg,N,,,,,,,,,,,,,,,,,,,,,,,
333315,Photographic and photocopying equipment mfg.,Y,2,2,Energy Star certified copying equipment,,,,,,,,,,,,,,,,,,,,
333319,Other commercial & service machinery mfg,Y,5,1,Water treatment equipment,,,,,,,,,,,,,,,,,,,,
333411,Air purification equipment mfg,Y,4,1,Air purification equipment,,,,,,,,,,,,,,,,,,,,
333412,Industrial and commercial fan and blower mfg.,Y,2,2,"LEED-eligible fans, Energy Star certified fans",,,,,,,,,,,,,,,,,,,,
333414,"Heating equipment, except warm air furnaces",Y,2,2,Solar heating systems manufacturing,,,,,,,,,,,,,,,,,,,,
333415,"AC, refrigeration, and forced air heating",Y,2,2,Energy Star certified AC units; heat pumps,,,,,,,,,,,,,,,,,,,,
333511,Industrial mold manufacturing,Y,1,3,Molds for wind turbines,,,,,,,,,,,,,,,,,,,,
333512,Metal cutting machine tool manufacturing,N,,,,,,,,,,,,,,,,,,,,,,,
333513,Metal forming machine tool manufacturing,N,,,,,,,,,,,,,,,,,,,,,,,
333514,"Special tool, die, jig, and fixture mfg.",N,,,,,,,,,,,,,,,,,,,,,,,
333515,Cutting tool and machine tool accessory mfg.,N,,,,,,,,,,,,,,,,,,,,,,,
333516,Rolling mill machinery and equipment mfg.,N,,,,,,,,,,,,,,,,,,,,,,,
333518,Other metalworking machinery mfg,N,,,,,,,,,,,,,,,,,,,,,,,
333611,Turbine and turbine generator set units mfg.,Y,1,3,Wind turbines; hydroelectric turbines,,,,,,,,,,,,,,,,,,,,
333612,"Speed changer, drive, and gear manufacturing",Y,1,3,Wind turbines; hydroelectric turbines,,,,,,,,,,,,,,,,,,,,
333613,Mechanical power transmission equipment mfg.,Y,1,3,Wind turbines; hydroelectric turbines,,,,,,,,,,,,,,,,,,,,
333618,Other engine equipment manufacturing,N,,,,,,,,,,,,,,,,,,,,,,,
333911,Pump and pumping equipment manufacturing,N,,,,,,,,,,,,,,,,,,,,,,,
333912,Air and gas compressor manufacturing,N,,,,,,,,,,,,,,,,,,,,,,,
333913,Measuring and dispensing pump manufacturing,N,,,,,,,,,,,,,,,,,,,,,,,
333921,Elevator and moving stairway mfg,N,,,,,,,,,,,,,,,,,,,,,,,
333922,Conveyor and conveying equipment mfg.,N,,,,,,,,,,,,,,,,,,,,,,,
333923,"Overhead cranes, hoists, and monorail systems",N,,,,,,,,,,,,,,,,,,,,,,,
333924,"Industrial truck, trailer, and stacker mfg",N,,,,,,,,,,,,,,,,,,,,,,,
333991,Power-driven handtool manufacturing,N,,,,,,,,,,,,,,,,,,,,,,,
333992,Welding and soldering equipment mfg,N,,,,,,,,,,,,,,,,,,,,,,,
333993,Packaging machinery manufacturing,N,,,,,,,,,,,,,,,,,,,,,,,
333994,Industrial process furnace & oven mfg,N,,,,,,,,,,,,,,,,,,,,,,,
333995,Fluid power cylinder and actuator mfg.,N,,,,,,,,,,,,,,,,,,,,,,,
333996,Fluid power pump and motor mfg,N,,,,,,,,,,,,,,,,,,,,,,,
333997,Scale and balance manufacturing,N,,,,,,,,,,,,,,,,,,,,,,,
333999,Miscellaneous general purpose machinery mfg.,N,,,,,,,,,,,,,,,,,,,,,,,
334111,Electronic computer manufacturing,Y,2,2,Energy Star certified computers,,,,,,,,,,,,,,,,,,,,
334112,Computer storage device mfg,N,,,,,,,,,,,,,,,,,,,,,,,
334113,Computer terminal manufacturing,Y,2,2,Energy Star certified computers,,,,,,,,,,,,,,,,,,,,
334119,Other computer peripheral equipment mfg.,Y,2,2,Energy Star certified printers,,,,,,,,,,,,,,,,,,,,
334210,Telephone apparatus manufacturing,Y,2,2,Energy Star certified telephones,,,,,,,,,,,,,,,,,,,,
334220,Broadcast and wireless communications equip.,Y,2,2,Energy Star certified cable boxes,,,,,,,,,,,,,,,,,,,,
334290,Other communications equipment mfg,Y,2,2,Energy Star certified products,,,,,,,,,,,,,,,,,,,,
334310,Audio and video equipment mfg,Y,2,2,Energy Star certified products,,,,,,,,,,,,,,,,,,,,
334411,Electron tube manufacturing,N,,,,,,,,,,,,,,,,,,,,,,,
334412,Bare printed circuit board mfg,N,,,,,,,,,,,,,,,,,,,,,,,
334413,Semiconductors and related device mfg.,Y,2,2,Solar cells,,,,,,,,,,,,,,,,,,,,
334414,Electronic capacitor manufacturing,N,,,,,,,,,,,,,,,,,,,,,,,
334415,Electronic resistor manufacturing,N,,,,,,,,,,,,,,,,,,,,,,,
334416,"Electronic coils, transformers, and inductors",N,,,,,,,,,,,,,,,,,,,,,,,
334417,Electronic connector manufacturing,N,,,,,,,,,,,,,,,,,,,,,,,
334418,Printed circuit assembly manufacturing,N,,,,,,,,,,,,,,,,,,,,,,,
334419,Other electronic component mfg,N,,,,,,,,,,,,,,,,,,,,,,,
334510,Electromedical apparatus mfg,N,,,,,,,,,,,,,,,,,,,,,,,
334511,"Search, detection, and navigation instruments",N,,,,,,,,,,,,,,,,,,,,,,,
334512,Automatic environmental control mfg,Y,3,1,"Energy cutoff controls, residential and commercial types",,,,,,,,,,,,,,,,,,,,
334513,Industrial process variable instruments,Y,2,1,Water quality monitoring and control systems,,,,,,,,,,,,,,,,,,,,
334514,Totalizing fluid meters and counting devices,Y,2,1,"Water meters, consumption registering",,,,,,,,,,,,,,,,,,,,
334515,Electricity and signal testing instruments,Y,2,1,"Energy measuring equipment, electrical",,,,,,,,,,,,,,,,,,,,
334516,Analytical laboratory instrument mfg.,Y,4,1,Thermal conductivity instruments and sensors,,,,,,,,,,,,,,,,,,,,
334517,Irradiation apparatus manufacturing,N,,,,,,,,,,,,,,,,,,,,,,,
334518,"Watch, clock, and part manufacturing",N,,,,,,,,,,,,,,,,,,,,,,,
334519,Other measuring and controlling device mfg.,Y,1,3,Wind direction indicators,,,,,,,,,,,,,,,,,,,,
334611,Software reproducing,N,,,,,,,,,,,,,,,,,,,,,,,
334612,Audio and video media reproduction,N,,,,,,,,,,,,,,,,,,,,,,,
334613,Magnetic & optical recording media mfg,N,,,,,,,,,,,,,,,,,,,,,,,
335110,Electric lamp bulb and part mfg,Y,2,2,Energy Star certified light bulbs,,,,,,,,,,,,,,,,,,,,
335121,Residential electric lighting fixture mfg.,Y,2,2,Energy Star certified light fixtures,,,,,,,,,,,,,,,,,,,,
335122,Nonresidential electric lighting fixture mfg.,Y,2,2,Energy Star certified light fixtures,,,,,,,,,,,,,,,,,,,,
335129,Other lighting equipment mfg,Y,2,2,Energy Star certified light fixtures,,,,,,,,,,,,,,,,,,,,
335211,Electric housewares & household fan mfg,Y,2,2,Energy Star certified fans,,,,,,,,,,,,,,,,,,,,
335212,Household vacuum cleaner mfg,N,,,,,,,,,,,,,,,,,,,,,,,
335221,Household cooking appliance manufacturing,Y,2,2,Energy Star certified stoves,,,,,,,,,,,,,,,,,,,,
335222,Household refrigerator and home freezer mfg.,Y,2,2,Energy Star certified refrigerators,,,,,,,,,,,,,,,,,,,,
335224,Household laundry equipment mfg.,Y,2,2,Energy Star certified laundry machines,,,,,,,,,,,,,,,,,,,,
335228,Other major household appliance mfg.,Y,2,2,Energy Star certified hot water heaters,,,,,,,,,,,,,,,,,,,,
335311,Electric power and specialty transformer mfg.,Y,2,2,"Voltage regulating transformers, electric power",,,,,,,,,,,,,,,,,,,,
335312,Motor and generator manufacturing,Y,2,2,Energy Star certified battery chargers,,,,,,,,,,,,,,,,,,,,
335313,Switchgear & switchboard apparatus mfg,N,,,,,,,,,,,,,,,,,,,,,,,
335314,Relay and industrial control mfg,N,,,,,,,,,,,,,,,,,,,,,,,
335911,Storage battery manufacturing,Y,2,2,Rechargeable batteries,,,,,,,,,,,,,,,,,,,,
335912,Primary battery manufacturing,Y,2,2,Mercury free watch batteries,,,,,,,,,,,,,,,,,,,,
335921,Fiber optic cable manufacturing,N,,,,,,,,,,,,,,,,,,,,,,,
335929,Other communication and energy wire mfg.,N,,,,,,,,,,,,,,,,,,,,,,,
335931,Current-carrying wiring device mfg,N,,,,,,,,,,,,,,,,,,,,,,,
335932,Noncurrent-carrying wiring device mfg.,N,,,,,,,,,,,,,,,,,,,,,,,
335991,Carbon and graphite product mfg,N,,,,,,,,,,,,,,,,,,,,,,,
335999,Miscellaneous electrical equipment mfg.,Y,2,2,Energy Star certified battery chargers,,,,,,,,,,,,,,,,,,,,
336111,Automobile manufacturing,Y,2,2,Hybrid vehicles,,,,,,,,,,,,,,,,,,,,
336112,Light truck and utility vehicle manufacturing,Y,2,2,Hybrid vehicles,,,,,,,,,,,,,,,,,,,,
336120,Heavy duty truck manufacturing,N,,,,,,,,,,,,,,,,,,,,,,,
336211,Motor vehicle body manufacturing,N,,,,,,,,,,,,,,,,,,,,,,,
336212,Truck trailer manufacturing,N,,,,,,,,,,,,,,,,,,,,,,,
336213,Motor home manufacturing,N,,,,,,,,,,,,,,,,,,,,,,,
336214,Travel trailer and camper manufacturing,N,,,,,,,,,,,,,,,,,,,,,,,
336311,"Carburetor, piston, ring, and valve mfg.",Y,2,3,Specialized parts for hybrid vehicles,,,,,,,,,,,,,,,,,,,,
336312,Gasoline engine and engine parts mfg.,Y,2,3,Specialized parts for hybrid vehicles,,,,,,,,,,,,,,,,,,,,
336321,Vehicular lighting equipment mfg,N,,,,,,,,,,,,,,,,,,,,,,,
336322,Other motor vehicle electric equipment mfg.,Y,2,3,Specialized parts for hybrid vehicles,,,,,,,,,,,,,,,,,,,,
336330,Motor vehicle steering and suspension parts,N,,,,,,,,,,,,,,,,,,,,,,,
336340,Motor vehicle brake system manufacturing,Y,2,3,Specialized parts for hybrid vehicles,,,,,,,,,,,,,,,,,,,,
336350,Motor vehicle power train components mfg.,Y,2,3,Specialized parts for hybrid vehicles,,,,,,,,,,,,,,,,,,,,
336360,Motor vehicle seating and interior trim mfg.,N,,,,,,,,,,,,,,,,,,,,,,,
336370,Motor vehicle metal stamping,N,,,,,,,,,,,,,,,,,,,,,,,
336391,Motor vehicle air-conditioning mfg,N,,,,,,,,,,,,,,,,,,,,,,,
336399,All other motor vehicle parts manufacturing,Y,2,3,Specialized parts for hybrid vehicles; catalytic converters,,,,,,,,,,,,,,,,,,,,
336411,Aircraft manufacturing,N,,,,,,,,,,,,,,,,,,,,,,,
336412,Aircraft engine and engine parts mfg.,N,,,,,,,,,,,,,,,,,,,,,,,
336413,Other aircraft parts and equipment,N,,,,,,,,,,,,,,,,,,,,,,,
336414,Guided missile and space vehicle mfg.,N,,,,,,,,,,,,,,,,,,,,,,,
336415,Space vehicle propulsion units and parts mfg.,N,,,,,,,,,,,,,,,,,,,,,,,
336419,Other guided missile and space vehicle parts,N,,,,,,,,,,,,,,,,,,,,,,,
336510,Railroad rolling stock manufacturing,Y,2,3,Railroad cars for mass transit,,,,,,,,,,,,,,,,,,,,
336611,Ship building and repairing,Y,2,3,Ferries for mass transit,,,,,,,,,,,,,,,,,,,,
336612,Boat building,N,,,,,,,,,,,,,,,,,,,,,,,
336991,"Motorcycle, bicycle, and parts manufacturing",N,,,,,,,,,,,,,,,,,,,,,,,
336992,Military armored vehicles and tank parts mfg.,N,,,,,,,,,,,,,,,,,,,,,,,
336999,All other transportation equipment mfg.,N,,,,,,,,,,,,,,,,,,,,,,,
337110,Wood kitchen cabinet and countertop mfg.,N,,,,,,,,,,,,,,,,,,,,,,,
337121,Upholstered household furniture mfg,N,,,,,,,,,,,,,,,,,,,,,,,
337122,Nonupholstered wood household furniture mfg.,N,,,,,,,,,,,,,,,,,,,,,,,
337124,Metal household furniture mfg,N,,,,,,,,,,,,,,,,,,,,,,,
337125,"Household furniture, exc. wood or metal, mfg.",N,,,,,,,,,,,,,,,,,,,,,,,
337127,Institutional furniture manufacturing,N,,,,,,,,,,,,,,,,,,,,,,,
337129,"Wood TV, radio, and sewing machine housings",N,,,,,,,,,,,,,,,,,,,,,,,
337211,Wood office furniture manufacturing,N,,,,,,,,,,,,,,,,,,,,,,,
337212,Custom architectural woodwork and millwork,N,,,,,,,,,,,,,,,,,,,,,,,
337214,"Office furniture, except wood, mfg",N,,,,,,,,,,,,,,,,,,,,,,,
337215,"Showcases, partitions, shelving, and lockers",N,,,,,,,,,,,,,,,,,,,,,,,
337910,Mattress manufacturing,N,,,,,,,,,,,,,,,,,,,,,,,
337920,Blind and shade manufacturing,Y,2,2,LEED-eligible window coverings,,,,,,,,,,,,,,,,,,,,
339112,Surgical and medical instrument mfg,N,,,,,,,,,,,,,,,,,,,,,,,
339113,Surgical appliance and supplies mfg,N,,,,,,,,,,,,,,,,,,,,,,,
339114,Dental equipment and supplies mfg,N,,,,,,,,,,,,,,,,,,,,,,,
339115,Ophthalmic goods manufacturing,N,,,,,,,,,,,,,,,,,,,,,,,
339116,Dental laboratories,N,,,,,,,,,,,,,,,,,,,,,,,
339911,"Jewelry, except costume, manufacturing",N,,,,,,,,,,,,,,,,,,,,,,,
339912,Silverware and hollowware mfg,N,,,,,,,,,,,,,,,,,,,,,,,
339913,Jewelers' material & lapidary work mfg,N,,,,,,,,,,,,,,,,,,,,,,,
339914,Costume jewelry and novelty mfg,N,,,,,,,,,,,,,,,,,,,,,,,
339920,Sporting and athletic goods mfg,N,,,,,,,,,,,,,,,,,,,,,,,
339931,Doll and stuffed toy manufacturing,N,,,,,,,,,,,,,,,,,,,,,,,
339932,"Game, toy, and children's vehicle mfg.",N,,,,,,,,,,,,,,,,,,,,,,,
339941,Pen and mechanical pencil mfg,N,,,,,,,,,,,,,,,,,,,,,,,
339942,Lead pencil and art good mfg,N,,,,,,,,,,,,,,,,,,,,,,,
339943,Marking device manufacturing,N,,,,,,,,,,,,,,,,,,,,,,,
339944,Carbon paper and inked ribbon mfg,N,,,,,,,,,,,,,,,,,,,,,,,
339950,Sign manufacturing,N,,,,,,,,,,,,,,,,,,,,,,,
339991,"Gasket, packing, & sealing device mfg",N,,,,,,,,,,,,,,,,,,,,,,,
339992,Musical instrument manufacturing,N,,,,,,,,,,,,,,,,,,,,,,,
339993,"Fastener, button, needle, and pin mfg.",N,,,,,,,,,,,,,,,,,,,,,,,
339994,"Broom, brush, and mop manufacturing",N,,,,,,,,,,,,,,,,,,,,,,,
339995,Burial casket manufacturing,N,,,,,,,,,,,,,,,,,,,,,,,
339999,All other miscellaneous manufacturing,N,,,,,,,,,,,,,,,,,,,,,,,
423110,Motor vehicle merchant wholesalers,Y,2,4,Hybrid vehicles,,,,,,,,,,,,,,,,,,,,
423120,New motor vehicle parts merchant wholesalers,Y,2,4,Hybrid car batteries,,,,,,,,,,,,,,,,,,,,
423130,Tire and tube merchant wholesalers,Y,5,4,Re-tread tires,,,,,,,,,,,,,,,,,,,,
423140,Used motor vehicle parts merchant wholesalers,Y,2,4,Used parts unique to hybrids or electric cars,,,,,,,,,,,,,,,,,,,,
423210,Furniture merchant wholesalers,N,,,,,,,,,,,,,,,,,,,,,,,
423220,Home furnishing merchant wholesalers,N,,,,,,,,,,,,,,,,,,,,,,,
423310,Lumber and wood merchant wholesalers,Y,6,4,LEED-eligible lumber products,,,,,,,,,,,,,,,,,,,,
423320,Masonry material merchant wholesalers,Y,2,4,LEED-eligible masonry products,,,,,,,,,,,,,,,,,,,,
423330,Roofing and siding merchant wholesalers,Y,2,4,Energy Star certified roofing materials,,,,,,,,,,,,,,,,,,,,
423390,Other const. material merchant wholesalers,Y,2,4,LEED-eligible building products,,,,,,,,,,,,,,,,,,,,
423410,Photographic equip. merchant wholesalers,N,,,,,,,,,,,,,,,,,,,,,,,
423420,Office equipment merchant wholesalers,Y,2,4,Energy Star certified copy machines,,,,,,,,,,,,,,,,,,,,
423430,Computer and software merchant wholesalers,Y,2,4,Energy Star certified computers,,,,,,,,,,,,,,,,,,,,
423440,Other commercial equip. merchant wholesalers,Y,2,4,Energy Star certified commercial ovens,,,,,,,,,,,,,,,,,,,,
423450,Medical equipment merchant wholesalers,N,,,,,,,,,,,,,,,,,,,,,,,
423460,Ophthalmic goods merchant wholesalers,N,,,,,,,,,,,,,,,,,,,,,,,
423490,Other professional equip. merchant wholesaler,Y,2,4,Professional or scientific instruments used for pollution control or energy efficiency,,,,,,,,,,,,,,,,,,,,
423510,Metal merchant wholesalers,Y,5,4,Recycled metals,,,,,,,,,,,,,,,,,,,,
423520,Coal and other mineral merchant wholesalers,N,,,,,,,,,,,,,,,,,,,,,,,
423610,Elec. equip. and wiring merchant wholesalers,Y,2,4,Mercury-free batteries,,,,,,,,,,,,,,,,,,,,
423620,Electric appliance merchant wholesalers,Y,2,4,Energy Star certified appliances,,,,,,,,,,,,,,,,,,,,
423690,Other electronic parts merchant wholesalers,Y,2,4,Solar cells,,,,,,,,,,,,,,,,,,,,
423710,Hardware merchant wholesalers,N,,,,,,,,,,,,,,,,,,,,,,,
423720,Plumbing equip. merchant wholesalers,Y,2,4,EPA WaterSense products,,,,,,,,,,,,,,,,,,,,
423730,HVAC equip. merchant wholesalers,Y,2,4,Energy Star certified HVAC equipment,,,,,,,,,,,,,,,,,,,,
423740,Refrigeration equip. merchant wholesalers,Y,2,4,Energy Star certified refrigeration equipment,,,,,,,,,,,,,,,,,,,,
423810,Construction equipment merchant wholesalers,N,,,,,,,,,,,,,,,,,,,,,,,
423820,Farm and garden equip. merchant wholesalers,Y,2,4,Electric lawn mowers,,,,,,,,,,,,,,,,,,,,
423830,Industrial machinery merchant wholesalers,Y,1,4,Turbines designed for wind energy production,,,,,,,,,,,,,,,,,,,,
423840,Industrial supplies merchant wholesalers,Y,4,4,Soy-based inks,,,,,,,,,,,,,,,,,,,,
423850,Service estab. equip. merchant wholesalers,Y,2,4,Energy Star certified commercial laundry machines,,,,,,,,,,,,,,,,,,,,
423860,Other transport. goods merchant wholesalers,Y,2,4,Subway cars for use in mass transit,,,,,,,,,,,,,,,,,,,,
423910,Sporting goods merchant wholesalers,N,,,,,,,,,,,,,,,,,,,,,,,
423920,Toy and hobby goods merchant wholesalers,N,,,,,,,,,,,,,,,,,,,,,,,
423930,Recyclable material merchant wholesalers,Y,5,4,Recycled materials,,,,,,,,,,,,,,,,,,,,
423940,Jewelry merchant wholesalers,N,,,,,,,,,,,,,,,,,,,,,,,
423990,All other durable goods merchant wholesalers,N,,,,,,,,,,,,,,,,,,,,,,,
424110,Printing and writing paper merch. whls.,Y,5,4,Recycled newsprint,,,,,,,,,,,,,,,,,,,,
424120,Office supplies merchant wholesalers,N,,,,,,,,,,,,,,,,,,,,,,,
424130,Industrial paper merchant wholesalers,Y,5,4,Recycled paperboard,,,,,,,,,,,,,,,,,,,,
424210,Druggists' goods merchant wholesalers,Y,6,4,USDA certified organic cosmetics,,,,,,,,,,,,,,,,,,,,
424310,Piece goods merchant wholesalers,Y,6,4,USDA certified organic yarn,,,,,,,,,,,,,,,,,,,,
424320,Men's and boys' clothing merchant wholesalers,N,,,,,,,,,,,,,,,,,,,,,,,
424330,Women's and children's clothing merch. whls.,N,,,,,,,,,,,,,,,,,,,,,,,
424340,Footwear merchant wholesalers,N,,,,,,,,,,,,,,,,,,,,,,,
424410,General line grocery merchant wholesalers,Y,6,4,USDA certified organic grocery items,,,,,,,,,,,,,,,,,,,,
424420,Packaged frozen food merchant wholesalers,Y,6,4,USDA certified organic frozen food items,,,,,,,,,,,,,,,,,,,,
424430,Dairy product merchant wholesalers,Y,6,4,USDA certified organic milk,,,,,,,,,,,,,,,,,,,,
424440,Poultry product merchant wholesalers,Y,6,4,USDA certified organic poultry,,,,,,,,,,,,,,,,,,,,
424450,Confectionery merchant wholesalers,Y,6,4,Candy made from USDA certified organic products,,,,,,,,,,,,,,,,,,,,
424460,Fish and seafood merchant wholesalers,Y,6,4,USDA certified organic fish,,,,,,,,,,,,,,,,,,,,
424470,Meat and meat product merchant wholesalers,Y,6,4,USDA certified organic meat,,,,,,,,,,,,,,,,,,,,
424480,Fruit and vegetable merchant wholesalers,Y,6,4,USDA certified organic fruit,,,,,,,,,,,,,,,,,,,,
424490,Other grocery product merchant wholesalers,Y,6,4,USDA certified organic baby food,,,,,,,,,,,,,,,,,,,,
424510,Grain and field bean merchant wholesalers,Y,6,4,USDA certified organic grains,,,,,,,,,,,,,,,,,,,,
424520,Livestock merchant wholesalers,Y,6,4,USDA certified organic livestock,,,,,,,,,,,,,,,,,,,,
424590,Other farm product raw material merch. whls.,Y,6,4,USDA certified organic tobacco,,,,,,,,,,,,,,,,,,,,
424610,Plastics materials merchant wholesalers,Y,5,4,Plastics from recycled materials,,,,,,,,,,,,,,,,,,,,
424690,Other chemicals merchant wholesalers,Y,6,4,Biodegradable laundry soaps,,,,,,,,,,,,,,,,,,,,
424710,Petroleum bulk stations and terminals,Y,3,4,Blends that exceed ethanol content approved for use in any make or model of vehicle sold in the U.S. (currently E10),,,,,,,,,,,,,,,,,,,,
424720,Other petroleum merchant wholesalers,Y,3,4,Blends that exceed ethanol content approved for use in any make or model of vehicle sold in the U.S. (currently E10),,,,,,,,,,,,,,,,,,,,
424810,Beer and ale merchant wholesalers,Y,6,4,USDA certified organic beer,,,,,,,,,,,,,,,,,,,,
424820,Wine and spirit merchant wholesalers,Y,6,4,USDA certified organic wine,,,,,,,,,,,,,,,,,,,,
424910,Farm supplies merchant wholesalers,Y,6,4,Fertilizers on USDA organic approved list of fertilizers,,,,,,,,,,,,,,,,,,,,
424920,Book and periodical merchant wholesalers,Y,7,4,Environmental-related media,,,,,,,,,,,,,,,,,,,,
424930,Nursery and florist merchant wholesalers,Y,6,4,Organic plants and soil products,,,,,,,,,,,,,,,,,,,,
424940,Tobacco and tobacco product merch. whls.,Y,6,4,USDA certified organic tobacco,,,,,,,,,,,,,,,,,,,,
424950,Paint and supplies merchant wholesalers,Y,4,4,"LEED-eligible paint, low VOC paints",,,,,,,,,,,,,,,,,,,,
424990,Other nondurable goods merchant wholesalers,Y,6,4,USDA certified organic pet products,,,,,,,,,,,,,,,,,,,,
425110,Business to business electronic markets,N,,,,,,,,,,,,,,,,,,,,,,,
425120,Wholesale trade agents and brokers,N,,,,,,,,,,,,,,,,,,,,,,,
441110,New car dealers,Y,2,4,Hybrid cars,,,,,,,,,,,,,,,,,,,,
441120,Used car dealers,Y,2,4,Used hybrid cars,,,,,,,,,,,,,,,,,,,,
441210,Recreational vehicle dealers,N,,,,,,,,,,,,,,,,,,,,,,,
441221,"Motorcycle, ATV, personal watercraft dealers",N,,,,,,,,,,,,,,,,,,,,,,,
441222,Boat dealers,N,,,,,,,,,,,,,,,,,,,,,,,
441229,All other motor vehicle dealers,N,,,,,,,,,,,,,,,,,,,,,,,
441310,Automotive parts and accessories stores,Y,2,4,Automotive parts related to operation of hybrid cars,,,,,,,,,,,,,,,,,,,,
441320,Tire dealers,Y,5,4,Retread tires,,,,,,,,,,,,,,,,,,,,
442110,Furniture stores,N,,,,,,,,,,,,,,,,,,,,,,,
442210,Floor covering stores,Y,2,4,"USDA certified organic wool carpet, LEED-eligible carpets",,,,,,,,,,,,,,,,,,,,
442291,Window treatment stores,Y,2,4,LEED-eligible window treatments,,,,,,,,,,,,,,,,,,,,
442299,All other home furnishings stores,N,,,,,,,,,,,,,,,,,,,,,,,
443111,Household appliance stores,Y,2,4,Energy Star certified refrigerators,,,,,,,,,,,,,,,,,,,,
443112,"Radio, TV, and other electronics stores",Y,2,4,Energy Star certified TVs,,,,,,,,,,,,,,,,,,,,
443120,Computer and software stores,Y,2,4,Energy Star certified computers,,,,,,,,,,,,,,,,,,,,
443130,Camera and photographic supplies stores,N,,,,,,,,,,,,,,,,,,,,,,,
444110,Home centers,Y,2,4,"Energy Star certified, USDA certified organic, LEED-eligible products",,,,,,,,,,,,,,,,,,,,
444120,Paint and wallpaper stores,Y,4,4,LEED-eligible paints,,,,,,,,,,,,,,,,,,,,
444130,Hardware stores,Y,2,4,"Energy Star certified, USDA certified organic, LEED-eligible products",,,,,,,,,,,,,,,,,,,,
444190,Other building material dealers,Y,2,4,"Energy Star certified, USDA certified organic, LEED-eligible products",,,,,,,,,,,,,,,,,,,,
444210,Outdoor power equipment stores,Y,2,4,"Energy Star certified, USDA certified organic, LEED-eligible products",,,,,,,,,,,,,,,,,,,,
444220,"Nursery, garden, and farm supply stores",Y,6,4,"Energy Star certified, USDA certified organic, LEED-eligible products",,,,,,,,,,,,,,,,,,,,
445110,Supermarkets and other grocery stores,Y,6,4,USDA certified organic products,,,,,,,,,,,,,,,,,,,,
445120,Convenience stores,Y,6,4,USDA certified organic products,,,,,,,,,,,,,,,,,,,,
445210,Meat markets,Y,6,4,USDA certified organic products,,,,,,,,,,,,,,,,,,,,
445220,Fish and seafood markets,Y,6,4,USDA certified organic products,,,,,,,,,,,,,,,,,,,,
445230,Fruit and vegetable markets,Y,6,4,USDA certified organic products,,,,,,,,,,,,,,,,,,,,
445291,Baked goods stores,Y,6,4,USDA certified organic products,,,,,,,,,,,,,,,,,,,,
445292,Confectionery and nut stores,Y,6,4,USDA certified organic products,,,,,,,,,,,,,,,,,,,,
445299,All other specialty food stores,Y,6,4,USDA certified organic products,,,,,,,,,,,,,,,,,,,,
445310,"Beer, wine, and liquor stores",Y,6,4,USDA certified organic products,,,,,,,,,,,,,,,,,,,,
446110,Pharmacies and drug stores,Y,6,4,USDA certified organic products,,,,,,,,,,,,,,,,,,,,
446120,Cosmetic and beauty supply stores,Y,6,4,USDA certified organic products,,,,,,,,,,,,,,,,,,,,
446130,Optical goods stores,N,,,,,,,,,,,,,,,,,,,,,,,
446191,"Food, health, supplement stores",Y,6,4,USDA certified organic fruit,,,,,,,,,,,,,,,,,,,,
446199,All other health and personal care stores,Y,6,4,USDA certified organic products,,,,,,,,,,,,,,,,,,,,
447110,Gasoline stations with convenience stores,Y,3,4,"Biodiesel, ethanol, USDA certified organic products",,,,,,,,,,,,,,,,,,,,
447190,Other gasoline stations,Y,3,4,"Biodiesel, ethanol",,,,,,,,,,,,,,,,,,,,
448110,Men's clothing stores,N,,,,,,,,,,,,,,,,,,,,,,,
448120,Women's clothing stores,N,,,,,,,,,,,,,,,,,,,,,,,
448130,Children's and infants' clothing stores,N,,,,,,,,,,,,,,,,,,,,,,,
448140,Family clothing stores,N,,,,,,,,,,,,,,,,,,,,,,,
448150,Clothing accessories stores,N,,,,,,,,,,,,,,,,,,,,,,,
448190,Other clothing stores,N,,,,,,,,,,,,,,,,,,,,,,,
448210,Shoe stores,N,,,,,,,,,,,,,,,,,,,,,,,
448310,Jewelry stores,N,,,,,,,,,,,,,,,,,,,,,,,
448320,Luggage and leather goods stores,N,,,,,,,,,,,,,,,,,,,,,,,
451110,Sporting goods stores,N,,,,,,,,,,,,,,,,,,,,,,,
451120,"Hobby, toy, and game stores",N,,,,,,,,,,,,,,,,,,,,,,,
451130,"Sewing, needlework, and piece goods stores",Y,6,4,USDA certified organic products,,,,,,,,,,,,,,,,,,,,
451140,Musical instrument and supplies stores,N,,,,,,,,,,,,,,,,,,,,,,,
451211,Book stores,Y,7,4,Environmental books,,,,,,,,,,,,,,,,,,,,
451212,News dealers and newsstands,Y,7,4,Environmental trade publication,,,,,,,,,,,,,,,,,,,,
451220,"Pre-recorded tape, CD, and record stores",Y,7,4,Environmental films,,,,,,,,,,,,,,,,,,,,
452111,"Department stores, except discount",Y,6,4,"Energy Star certified, USDA certified organic, LEED-eligible products",,,,,,,,,,,,,,,,,,,,
452112,Discount department stores,Y,6,4,"Energy Star certified, USDA certified organic, LEED-eligible products",,,,,,,,,,,,,,,,,,,,
452910,Warehouse clubs and supercenters,Y,6,4,"Energy Star certified, USDA certified organic, LEED-eligible products",,,,,,,,,,,,,,,,,,,,
452990,All other general merchandise stores,Y,6,4,"Energy Star certified, USDA certified organic, LEED-eligible products",,,,,,,,,,,,,,,,,,,,
453110,Florists,Y,6,4,USDA certified organic products,,,,,,,,,,,,,,,,,,,,
453210,Office supplies and stationery stores,N,,,,,,,,,,,,,,,,,,,,,,,
453220,"Gift, novelty, and souvenir stores",N,,,,,,,,,,,,,,,,,,,,,,,
453310,Used merchandise stores,Y,5,4,Used Energy Star certified goods,,,,,,,,,,,,,,,,,,,,
453910,Pet and pet supplies stores,Y,6,4,USDA certified organic products,,,,,,,,,,,,,,,,,,,,
453920,Art dealers,N,,,,,,,,,,,,,,,,,,,,,,,
453930,"Manufactured, mobile, home dealers",Y,2,4,Energy Star certified mobile homes,,,,,,,,,,,,,,,,,,,,
453991,Tobacco stores,Y,6,4,USDA certified organic products,,,,,,,,,,,,,,,,,,,,
453998,Store retailers not specified elsewhere,Y,6,4,USDA certified organic products,,,,,,,,,,,,,,,,,,,,
454111,Electronic shopping,Y,6,4,USDA certified organic products,,,,,,,,,,,,,,,,,,,,
454112,Electronic auctions,Y,6,4,USDA certified organic products,,,,,,,,,,,,,,,,,,,,
454113,Mail-order houses,Y,6,4,USDA certified organic products,,,,,,,,,,,,,,,,,,,,
454210,Vending machine operators,Y,6,4,USDA certified organic products,,,,,,,,,,,,,,,,,,,,
454311,Heating oil dealers,N,,,,,,,,,,,,,,,,,,,,,,,
454312,"Liquefied petroleum gas, bottled gas, dealers",N,,,,,,,,,,,,,,,,,,,,,,,
454319,Other fuel dealers,Y,3,4,"Biodiesel, ethanol",,,,,,,,,,,,,,,,,,,,
454390,Other direct selling establishments,Y,6,4,USDA certified organic products,,,,,,,,,,,,,,,,,,,,
481111,Scheduled passenger air transportation,N,,,,,,,,,,,,,,,,,,,,,,,
481112,Scheduled freight air transportation,N,,,,,,,,,,,,,,,,,,,,,,,
481211,Nonscheduled air passenger chartering,N,,,,,,,,,,,,,,,,,,,,,,,
481212,Nonscheduled air freight chartering,N,,,,,,,,,,,,,,,,,,,,,,,
481219,Other nonscheduled air transportation,N,,,,,,,,,,,,,,,,,,,,,,,
482111,Line-haul railroads,Y,1,4,"Specialized transportation for wind turbine blades, towers",,,,,,,,,,,,,,,,,,,,
482112,Short line railroads,N,,,,,,,,,,,,,,,,,,,,,,,
483111,Deep sea freight transportation,N,,,,,,,,,,,,,,,,,,,,,,,
483112,Deep sea passenger transportation,N,,,,,,,,,,,,,,,,,,,,,,,
483113,Coastal and Great Lakes freight transport.,N,,,,,,,,,,,,,,,,,,,,,,,
483114,Coastal and Great Lakes passenger transport.,Y,2,1,Great Lakes or coastal ferry commuter services,,,,,,,,,,,,,,,,,,,,
483211,Inland water freight transportation,N,,,,,,,,,,,,,,,,,,,,,,,
483212,Inland water passenger transportation,Y,2,1,Inland ferry commuter services,,,,,,,,,,,,,,,,,,,,
484110,"General freight trucking, local",Y,3,4,Use of flex fuels or biofuels,,,,,,,,,,,,,,,,,,,,
484121,"General freight trucking, long-distance TL",Y,3,4,"Specialized transportation for wind turbine blades, towers",,,,,,,,,,,,,,,,,,,,
484122,"General freight trucking, long-distance LTL",Y,3,4,Use of flex fuels or biofuels,,,,,,,,,,,,,,,,,,,,
484210,Used household and office goods moving,Y,3,4,Use of flex fuels or biofuels,,,,,,,,,,,,,,,,,,,,
484220,"Other specialized trucking, local",Y,3,4,Use of flex fuels or biofuels,,,,,,,,,,,,,,,,,,,,
484230,"Other specialized trucking, long-distance",Y,1,4,"Specialized transportation for wind turbine blades, towers",,,,,,,,,,,,,,,,,,,,
485111,Mixed mode transit systems,Y,2,1,Mass transit systems,,,,,,,,,,,,,,,,,,,,
485112,Commuter rail systems,Y,2,1,Mass transit systems,,,,,,,,,,,,,,,,,,,,
485113,Bus and other motor vehicle transit systems,Y,2,1,Mass transit systems,,,,,,,,,,,,,,,,,,,,
485119,Other urban transit systems,Y,2,1,Mass transit systems,,,,,,,,,,,,,,,,,,,,
485210,Interurban and rural bus transportation,Y,2,1,Commuter-based bus services,,,,,,,,,,,,,,,,,,,,
485310,Taxi service,Y,3,2,Use of flex fuels or biofuels,,,,,,,,,,,,,,,,,,,,
485320,Limousine service,Y,3,2,Use of flex fuels or biofuels,,,,,,,,,,,,,,,,,,,,
485410,School and employee bus transportation,Y,2,1,School bus transportation,,,,,,,,,,,,,,,,,,,,
485510,Charter bus industry,Y,3,2,Use of flex fuels or biofuels,,,,,,,,,,,,,,,,,,,,
485991,Special needs transportation,Y,2,1,Commuter-based transportation,,,,,,,,,,,,,,,,,,,,
485999,All other ground passenger transportation,Y,2,1,Vanpools,,,,,,,,,,,,,,,,,,,,
486110,Pipeline transportation of crude oil,N,,,,,,,,,,,,,,,,,,,,,,,
486210,Pipeline transportation of natural gas,N,,,,,,,,,,,,,,,,,,,,,,,
486910,Refined petroleum product pipeline transport.,N,,,,,,,,,,,,,,,,,,,,,,,
486990,All other pipeline transportation,N,,,,,,,,,,,,,,,,,,,,,,,
487110,"Scenic and sightseeing transportation, land",Y,3,2,Use of flex fuels or biofuels,,,,,,,,,,,,,,,,,,,,
487210,"Scenic and sightseeing transportation, water",Y,3,2,Use of flex fuels or biofuels,,,,,,,,,,,,,,,,,,,,
487990,"Scenic and sightseeing transportation, other",N,,,,,,,,,,,,,,,,,,,,,,,
488111,Air traffic control,N,,,,,,,,,,,,,,,,,,,,,,,
488119,Other airport operations,N,,,,,,,,,,,,,,,,,,,,,,,
488190,Other support activities for air transport.,N,,,,,,,,,,,,,,,,,,,,,,,
488210,Support activities for rail transportation,N,,,,,,,,,,,,,,,,,,,,,,,
488310,Port and harbor operations,N,,,,,,,,,,,,,,,,,,,,,,,
488320,Marine cargo handling,N,,,,,,,,,,,,,,,,,,,,,,,
488330,Navigational services to shipping,N,,,,,,,,,,,,,,,,,,,,,,,
488390,Other support activities for water transport.,N,,,,,,,,,,,,,,,,,,,,,,,
488410,Motor vehicle towing,Y,3,2,Use of flex fuels or biofuels,,,,,,,,,,,,,,,,,,,,
488490,Other support activities for road transport.,N,,,,,,,,,,,,,,,,,,,,,,,
488510,Freight transportation arrangement,Y,1,4,"Specialize in arranging freight transportation for wind turbine blades, towers",,,,,,,,,,,,,,,,,,,,
488991,Packing and crating,N,,,,,,,,,,,,,,,,,,,,,,,
488999,All other support activities for transport.,N,,,,,,,,,,,,,,,,,,,,,,,
491110,Postal service,Y,3,2,Use of flex fuels or biofuels,,,,,,,,,,,,,,,,,,,,
492110,Couriers and express delivery services,Y,3,2,Use of flex fuels or biofuels,,,,,,,,,,,,,,,,,,,,
492210,Local messengers and local delivery,Y,3,2,Use of flex fuels or biofuels,,,,,,,,,,,,,,,,,,,,
493110,General warehousing and storage,Y,2,4,Specialized warehousing of green goods,,,,,,,,,,,,,,,,,,,,
493120,Refrigerated warehousing and storage,Y,2,4,Specialized warehousing of green goods,,,,,,,,,,,,,,,,,,,,
493130,Farm product warehousing and storage,Y,2,4,Specialized warehousing of green goods,,,,,,,,,,,,,,,,,,,,
493190,Other warehousing and storage,Y,2,4,Specialized warehousing of green goods,,,,,,,,,,,,,,,,,,,,
511110,Newspaper publishers,Y,7,1,Environmental or trade/association newspapers,,,,,,,,,,,,,,,,,,,,
511120,Periodical publishers,Y,7,,Environmental,1,", training or association periodicals",,,,,,,,,,,,,,,,,,
511130,Book publishers,Y,7,1,Environmental or training books/manuals,,,,,,,,,,,,,,,,,,,,
511140,Directory and mailing list publishers,Y,7,1,Industry association directories or mailing lists,,,,,,,,,,,,,,,,,,,,
511191,Greeting card publishers,N,,,,,,,,,,,,,,,,,,,,,,,
511199,All other publishers,Y,7,1,"Environmental or association calendars, etc",,,,,,,,,,,,,,,,,,,,
511210,Software publishers,Y,2,1,"Training software, software used to reduce or monitor energy usage, pollution",,,,,,,,,,,,,,,,,,,,
512110,Motion picture and video production,Y,7,1,"Environmental content, training movies or videos",,,,,,,,,,,,,,,,,,,,
512120,Motion picture and video distribution,Y,7,4,"Distribution of environmental, training content",,,,,,,,,,,,,,,,,,,,
512131,"Motion picture theaters, except drive-ins",N,,,,,,,,,,,,,,,,,,,,,,,
512132,Drive-in motion picture theaters,N,,,,,,,,,,,,,,,,,,,,,,,
512191,Teleproduction and postproduction services,N,,,,,,,,,,,,,,,,,,,,,,,
512199,Other motion picture and video industries,N,,,,,,,,,,,,,,,,,,,,,,,
512210,Record production,N,,,,,,,,,,,,,,,,,,,,,,,
512220,Integrated record production and distribution,N,,,,,,,,,,,,,,,,,,,,,,,
512230,Music publishers,N,,,,,,,,,,,,,,,,,,,,,,,
512240,Sound recording studios,N,,,,,,,,,,,,,,,,,,,,,,,
512290,Other sound recording industries,N,,,,,,,,,,,,,,,,,,,,,,,
515111,Radio networks,Y,7,1,Produce content for environmental radio networks,,,,,,,,,,,,,,,,,,,,
515112,Radio stations,Y,7,1,Produce content for environmental radio stations,,,,,,,,,,,,,,,,,,,,
515120,Television broadcasting,Y,7,1,Produce content for environmental TV stations,,,,,,,,,,,,,,,,,,,,
515210,Cable and other subscription programming,Y,7,1,Produce content for environmental TV stations,,,,,,,,,,,,,,,,,,,,
517110,Wired telecommunications carriers,N,,,,,,,,,,,,,,,,,,,,,,,
517210,Wireless telecommunications carriers,N,,,,,,,,,,,,,,,,,,,,,,,
517410,Satellite telecommunications,N,,,,,,,,,,,,,,,,,,,,,,,
517911,Telecommunications resellers,N,,,,,,,,,,,,,,,,,,,,,,,
517919,All other telecommunications,N,,,,,,,,,,,,,,,,,,,,,,,
518210,"Data processing, hosting and related services",N,,,,,,,,,,,,,,,,,,,,,,,
519110,News syndicates,Y,7,1,Environmental news media,,,,,,,,,,,,,,,,,,,,
519120,Libraries and archives,Y,7,1,"Libraries specializing in environment, training, compliance",,,,,,,,,,,,,,,,,,,,
519130,Internet publishing and web search portals,Y,7,1,"Environmental, training, compliance websites",,,,,,,,,,,,,,,,,,,,
519190,All other information services,N,,,,,,,,,,,,,,,,,,,,,,,
521110,Monetary authorities - central bank,N,,,,,,,,,,,,,,,,,,,,,,,
522110,Commercial banking,N,,,,,,,,,,,,,,,,,,,,,,,
522120,Savings institutions,N,,,,,,,,,,,,,,,,,,,,,,,
522130,Credit unions,N,,,,,,,,,,,,,,,,,,,,,,,
522190,Other depository credit intermediation,N,,,,,,,,,,,,,,,,,,,,,,,
522210,Credit card issuing,N,,,,,,,,,,,,,,,,,,,,,,,
522220,Sales financing,N,,,,,,,,,,,,,,,,,,,,,,,
522291,Consumer lending,N,,,,,,,,,,,,,,,,,,,,,,,
522292,Real estate credit,N,,,,,,,,,,,,,,,,,,,,,,,
522293,International trade financing,N,,,,,,,,,,,,,,,,,,,,,,,
522294,Secondary market financing,N,,,,,,,,,,,,,,,,,,,,,,,
522298,All other nondepository credit intermediation,N,,,,,,,,,,,,,,,,,,,,,,,
522310,Mortgage and nonmortgage loan brokers,N,,,,,,,,,,,,,,,,,,,,,,,
522320,Financial transaction processing and clearing,N,,,,,,,,,,,,,,,,,,,,,,,
522390,Other credit intermediation activities,N,,,,,,,,,,,,,,,,,,,,,,,
523110,Investment banking and securities dealing,N,,,,,,,,,,,,,,,,,,,,,,,
523120,Securities brokerage,N,,,,,,,,,,,,,,,,,,,,,,,
523130,Commodity contracts dealing,Y,3,1,Cap and trade for emissions,,,,,,,,,,,,,,,,,,,,
523140,Commodity contracts brokerage,Y,3,,Cap and trade for emissions,1,,,,,,,,,,,,,,,,,,,
523210,Securities and commodity exchanges,Y,3,1,Cap and trade for emissions,,,,,,,,,,,,,,,,,,,,
523910,Miscellaneous intermediation,N,,,,,,,,,,,,,,,,,,,,,,,
523920,Portfolio management,N,,,,,,,,,,,,,,,,,,,,,,,
523930,Investment advice,N,,,,,,,,,,,,,,,,,,,,,,,
523991,"Trust, fiduciary, and custody activities",N,,,,,,,,,,,,,,,,,,,,,,,
523999,Miscellaneous financial investment activities,N,,,,,,,,,,,,,,,,,,,,,,,
524113,Direct life insurance carriers,N,,,,,,,,,,,,,,,,,,,,,,,
524114,Direct health and medical insurance carriers,N,,,,,,,,,,,,,,,,,,,,,,,
524126,Direct property and casualty insurers,N,,,,,,,,,,,,,,,,,,,,,,,
524127,Direct title insurance carriers,N,,,,,,,,,,,,,,,,,,,,,,,
524128,Other direct insurance carriers,N,,,,,,,,,,,,,,,,,,,,,,,
524130,Reinsurance carriers,N,,,,,,,,,,,,,,,,,,,,,,,
524210,Insurance agencies and brokerages,N,,,,,,,,,,,,,,,,,,,,,,,
524291,Claims adjusting,N,,,,,,,,,,,,,,,,,,,,,,,
524292,Third party administration of insurance funds,N,,,,,,,,,,,,,,,,,,,,,,,
524298,All other insurance related activities,N,,,,,,,,,,,,,,,,,,,,,,,
525110,Pension funds,N,,,,,,,,,,,,,,,,,,,,,,,
525120,Health and welfare funds,N,,,,,,,,,,,,,,,,,,,,,,,
525190,Other insurance funds,N,,,,,,,,,,,,,,,,,,,,,,,
525910,Open-end investment funds,N,,,,,,,,,,,,,,,,,,,,,,,
525920,"Trusts, estates, and agency accounts",N,,,,,,,,,,,,,,,,,,,,,,,
525990,Other financial vehicles,N,,,,,,,,,,,,,,,,,,,,,,,
531110,Lessors of residential buildings,N,,,,,,,,,,,,,,,,,,,,,,,
531120,Lessors of nonresidential buildings,N,,,,,,,,,,,,,,,,,,,,,,,
531130,Miniwarehouse and self-storage unit operators,N,,,,,,,,,,,,,,,,,,,,,,,
531190,Lessors of other real estate property,N,,,,,,,,,,,,,,,,,,,,,,,
531210,Offices of real estate agents and brokers,N,,,,,,,,,,,,,,,,,,,,,,,
531311,Residential property managers,N,,,,,,,,,,,,,,,,,,,,,,,
531312,Nonresidential property managers,N,,,,,,,,,,,,,,,,,,,,,,,
531320,Offices of real estate appraisers,N,,,,,,,,,,,,,,,,,,,,,,,
531390,Other activities related to real estate,N,,,,,,,,,,,,,,,,,,,,,,,
532111,Passenger car rental,Y,2,4,Rental of hybrid cars,,,,,,,,,,,,,,,,,,,,
532112,Passenger car leasing,Y,2,4,Leasing of hybrid cars,,,,,,,,,,,,,,,,,,,,
532120,"Truck, trailer, and RV rental and leasing",N,,,,,,,,,,,,,,,,,,,,,,,
532210,Consumer electronics and appliances rental,Y,2,4,Rental of Energy Star certified electronics/appliances,,,,,,,,,,,,,,,,,,,,
532220,Formal wear and costume rental,N,,,,,,,,,,,,,,,,,,,,,,,
532230,Video tape and disc rental,N,,,,,,,,,,,,,,,,,,,,,,,
532291,Home health equipment rental,N,,,,,,,,,,,,,,,,,,,,,,,
532292,Recreational goods rental,N,,,,,,,,,,,,,,,,,,,,,,,
532299,All other consumer goods rental,N,,,,,,,,,,,,,,,,,,,,,,,
532310,General rental centers,N,,,,,,,,,,,,,,,,,,,,,,,
532411,Transportation equipment rental and leasing,Y,2,4,"Rental of equipment for transportation of specialized green goods, mass transit",,,,,,,,,,,,,,,,,,,,
532412,Other heavy machinery rental and leasing,N,,,,,,,,,,,,,,,,,,,,,,,
532420,Office equipment rental and leasing,N,,,,,,,,,,,,,,,,,,,,,,,
532490,Other machinery rental and leasing,N,,,,,,,,,,,,,,,,,,,,,,,
533110,Lessors of nonfinancial intangible assets,N,,,,,,,,,,,,,,,,,,,,,,,
541110,Offices of lawyers,Y,7,1,"Environmental law, compliance",,,,,,,,,,,,,,,,,,,,
541191,Title abstract and settlement offices,N,,,,,,,,,,,,,,,,,,,,,,,
541199,All other legal services,N,,,,,,,,,,,,,,,,,,,,,,,
541211,Offices of certified public accountants,N,,,,,,,,,,,,,,,,,,,,,,,
541213,Tax preparation services,N,,,,,,,,,,,,,,,,,,,,,,,
541214,Payroll services,N,,,,,,,,,,,,,,,,,,,,,,,
541219,Other accounting services,N,,,,,,,,,,,,,,,,,,,,,,,
541310,Architectural services,Y,2,3,"LEED-specific architecture, energy efficient architecture",,,,,,,,,,,,,,,,,,,,
541320,Landscape architectural services,Y,2,3,"Energy efficient landscaping, LEED acceptable landscaping",,,,,,,,,,,,,,,,,,,,
541330,Engineering services,Y,2,3,"Engineering for renewable energy projects, LEED projects, energy efficient projects",,,,,,,,,,,,,,,,,,,,
541340,Drafting services,N,,,,,,,,,,,,,,,,,,,,,,,
541350,Building inspection services,Y,7,3,"Compliance with regulations, to meet environmental standards (LEED)",,,,,,,,,,,,,,,,,,,,
541360,Geophysical surveying and mapping services,Y,1,3,Geophysical surveying for geothermal resources,,,,,,,,,,,,,,,,,,,,
541370,Other surveying and mapping services,Y,1,3,Land surveying for LEED projects,,,,,,,,,,,,,,,,,,,,
541380,Testing laboratories,Y,7,3,Environmental testing services,,,,,,,,,,,,,,,,,,,,
541410,Interior design services,Y,2,3,"Interior energy efficient, resource efficient design",,,,,,,,,,,,,,,,,,,,
541420,Industrial design services,Y,2,3,"Industrial energy efficient, resource efficient design",,,,,,,,,,,,,,,,,,,,
541430,Graphic design services,Y,7,3,Graphic design for environmental awareness,,,,,,,,,,,,,,,,,,,,
541490,Other specialized design services,N,,,,,,,,,,,,,,,,,,,,,,,
541511,Custom computer programming services,Y,2,3,"Computer systems to regulate emissions, energy usage",,,,,,,,,,,,,,,,,,,,
541512,Computer systems design services,Y,2,3,"Computer systems to regulate emissions, energy usage",,,,,,,,,,,,,,,,,,,,
541513,Computer facilities management services,N,,,,,,,,,,,,,,,,,,,,,,,
541519,Other computer related services,N,,,,,,,,,,,,,,,,,,,,,,,
541611,Administrative management consulting services,N,,,,,,,,,,,,,,,,,,,,,,,
541612,Human resources consulting services,N,,,,,,,,,,,,,,,,,,,,,,,
541613,Marketing consulting services,N,,,,,,,,,,,,,,,,,,,,,,,
541614,Process and logistics consulting services,Y,2,3,"Freight consulting, logistics consulting, efficiency consulting ",,,,,,,,,,,,,,,,,,,,
541618,Other management consulting services,N,,,,,,,,,,,,,,,,,,,,,,,
541620,Environmental consulting services,Y,1,3,Environmental consulting,,,,,,,,,,,,,,,,,,,,
541690,Other technical consulting services,Y,1,3,"Agriculture, energy consulting",,,,,,,,,,,,,,,,,,,,
541711,Research and development in biotechnology,Y,1,1,"Research on biofuels, organisms used to reduce pollution",,,,,,,,,,,,,,,,,,,,
541712,Other physical and biological research,Y,1,1,Environmental research and development laboratories or services,,,,,,,,,,,,,,,,,,,,
541720,Social science and humanities research,N,,,,,,,,,,,,,,,,,,,,,,,
541810,Advertising agencies,Y,7,4,Environmental advertising for public awareness,,,,,,,,,,,,,,,,,,,,
541820,Public relations agencies,Y,7,4,Environmental public relations for awareness,,,,,,,,,,,,,,,,,,,,
541830,Media buying agencies,N,,,,,,,,,,,,,,,,,,,,,,,
541840,Media representatives,N,,,,,,,,,,,,,,,,,,,,,,,
541850,Display advertising,N,,,,,,,,,,,,,,,,,,,,,,,
541860,Direct mail advertising,N,,,,,,,,,,,,,,,,,,,,,,,
541870,Advertising material distribution services,N,,,,,,,,,,,,,,,,,,,,,,,
541890,Other services related to advertising,N,,,,,,,,,,,,,,,,,,,,,,,
541910,Marketing research and public opinion polling,N,,,,,,,,,,,,,,,,,,,,,,,
541921,"Photography studios, portrait",N,,,,,,,,,,,,,,,,,,,,,,,
541922,Commercial photography,Y,7,4,Environmental photography,,,,,,,,,,,,,,,,,,,,
541930,Translation and interpretation services,N,,,,,,,,,,,,,,,,,,,,,,,
541940,Veterinary services,N,,,,,,,,,,,,,,,,,,,,,,,
541990,All other professional & technical services,N,,,,,,,,,,,,,,,,,,,,,,,
551111,Offices of bank holding companies,N,,,,,,,,,,,,,,,,,,,,,,,
551112,Offices of other holding companies,N,,,,,,,,,,,,,,,,,,,,,,,
551114,Managing offices,Y,7,3,Headquarters for environment-related companies,,,,,,,,,,,,,,,,,,,,
561110,Office administrative services,N,,,,,,,,,,,,,,,,,,,,,,,
561210,Facilities support services,N,,,,,,,,,,,,,,,,,,,,,,,
561311,Employment placement agencies,N,,,,,,,,,,,,,,,,,,,,,,,
561312,Executive search services,N,,,,,,,,,,,,,,,,,,,,,,,
561320,Temporary help services,N,,,,,,,,,,,,,,,,,,,,,,,
561330,Professional employer organizations,N,,,,,,,,,,,,,,,,,,,,,,,
561410,Document preparation services,N,,,,,,,,,,,,,,,,,,,,,,,
561421,Telephone answering services,N,,,,,,,,,,,,,,,,,,,,,,,
561422,Telemarketing and other contact centers,N,,,,,,,,,,,,,,,,,,,,,,,
561431,Private mail centers,N,,,,,,,,,,,,,,,,,,,,,,,
561439,Other business service centers,N,,,,,,,,,,,,,,,,,,,,,,,
561440,Collection agencies,N,,,,,,,,,,,,,,,,,,,,,,,
561450,Credit bureaus,N,,,,,,,,,,,,,,,,,,,,,,,
561491,Repossession services,N,,,,,,,,,,,,,,,,,,,,,,,
561492,Court reporting and stenotype services,N,,,,,,,,,,,,,,,,,,,,,,,
561499,All other business support services,N,,,,,,,,,,,,,,,,,,,,,,,
561510,Travel agencies,N,,,,,,,,,,,,,,,,,,,,,,,
561520,Tour operators,Y,7,1,Environmental/eco-tourism,,,,,,,,,,,,,,,,,,,,
561591,Convention and visitors bureaus,N,,,,,,,,,,,,,,,,,,,,,,,
561599,All other travel arrangement services,N,,,,,,,,,,,,,,,,,,,,,,,
561611,Investigation services,N,,,,,,,,,,,,,,,,,,,,,,,
561612,Security guards and patrol services,N,,,,,,,,,,,,,,,,,,,,,,,
561613,Armored car services,N,,,,,,,,,,,,,,,,,,,,,,,
561621,"Security systems services, except locksmiths",N,,,,,,,,,,,,,,,,,,,,,,,
561622,Locksmiths,N,,,,,,,,,,,,,,,,,,,,,,,
561710,Exterminating and pest control services,N,,,,,,,,,,,,,,,,,,,,,,,
561720,Janitorial services,N,,,,,,,,,,,,,,,,,,,,,,,
561730,Landscaping services,Y,2,3,Energy efficient landscaping,,,,,,,,,,,,,,,,,,,,
561740,Carpet and upholstery cleaning services,N,,,,,,,,,,,,,,,,,,,,,,,
561790,Other services to buildings and dwellings,N,,,,,,,,,,,,,,,,,,,,,,,
561910,Packaging and labeling services,N,,,,,,,,,,,,,,,,,,,,,,,
561920,Convention and trade show organizers,N,,,,,,,,,,,,,,,,,,,,,,,
561990,All other support services,N,,,,,,,,,,,,,,,,,,,,,,,
562111,Solid waste collection,Y,5,1,Waste management,,,,,,,,,,,,,,,,,,,,
562112,Hazardous waste collection,Y,4,1,Waste management,,,,,,,,,,,,,,,,,,,,
562119,Other waste collection,Y,5,1,Waste management,,,,,,,,,,,,,,,,,,,,
562211,Hazardous waste treatment and disposal,Y,4,1,Waste management,,,,,,,,,,,,,,,,,,,,
562212,Solid waste landfill,Y,5,1,Waste management,,,,,,,,,,,,,,,,,,,,
562213,Solid waste combustors and incinerators,Y,5,1,Waste management,,,,,,,,,,,,,,,,,,,,
562219,Other nonhazardous waste disposal,Y,5,1,Waste management,,,,,,,,,,,,,,,,,,,,
562910,Remediation services,Y,4,1,Waste management,,,,,,,,,,,,,,,,,,,,
562920,Materials recovery facilities,Y,4,1,Waste management,,,,,,,,,,,,,,,,,,,,
562991,Septic tank and related services,Y,4,1,Waste management,,,,,,,,,,,,,,,,,,,,
562998,Miscellaneous waste management services,Y,5,1,Waste management,,,,,,,,,,,,,,,,,,,,
611110,Elementary and secondary schools,N,,,,,,,,,,,,,,,,,,,,,,,
611210,Junior colleges,Y,7,1,Training/curriculum for green jobs,,,,,,,,,,,,,,,,,,,,
611310,Colleges and universities,Y,7,1,Training/curriculum for green jobs,,,,,,,,,,,,,,,,,,,,
611410,Business and secretarial schools,N,,,,,,,,,,,,,,,,,,,,,,,
611420,Computer training,N,,,,,,,,,,,,,,,,,,,,,,,
611430,Management training,Y,7,1,Training/curriculum for green jobs,,,,,,,,,,,,,,,,,,,,
611511,Cosmetology and barber schools,N,,,,,,,,,,,,,,,,,,,,,,,
611512,Flight training,N,,,,,,,,,,,,,,,,,,,,,,,
611513,Apprenticeship training,Y,7,1,Training/curriculum for green jobs,,,,,,,,,,,,,,,,,,,,
611519,Other technical and trade schools,Y,7,1,Training/curriculum for green jobs,,,,,,,,,,,,,,,,,,,,
611610,Fine arts schools,N,,,,,,,,,,,,,,,,,,,,,,,
611620,Sports and recreation instruction,N,,,,,,,,,,,,,,,,,,,,,,,
611630,Language schools,N,,,,,,,,,,,,,,,,,,,,,,,
611691,Exam preparation and tutoring,N,,,,,,,,,,,,,,,,,,,,,,,
611692,Automobile driving schools,N,,,,,,,,,,,,,,,,,,,,,,,
611699,Miscellaneous schools and instruction,N,,,,,,,,,,,,,,,,,,,,,,,
611710,Educational support services,N,,,,,,,,,,,,,,,,,,,,,,,
621111,"Offices of physicians, except mental health",N,,,,,,,,,,,,,,,,,,,,,,,
621112,Offices of mental health physicians,N,,,,,,,,,,,,,,,,,,,,,,,
621210,Offices of dentists,N,,,,,,,,,,,,,,,,,,,,,,,
621310,Offices of chiropractors,N,,,,,,,,,,,,,,,,,,,,,,,
621320,Offices of optometrists,N,,,,,,,,,,,,,,,,,,,,,,,
621330,Offices of mental health practitioners,N,,,,,,,,,,,,,,,,,,,,,,,
621340,Offices of specialty therapists,N,,,,,,,,,,,,,,,,,,,,,,,
621391,Offices of podiatrists,N,,,,,,,,,,,,,,,,,,,,,,,
621399,Offices of miscellaneous health practitioners,N,,,,,,,,,,,,,,,,,,,,,,,
621410,Family planning centers,N,,,,,,,,,,,,,,,,,,,,,,,
621420,Outpatient mental health centers,N,,,,,,,,,,,,,,,,,,,,,,,
621491,HMO medical centers,N,,,,,,,,,,,,,,,,,,,,,,,
621492,Kidney dialysis centers,N,,,,,,,,,,,,,,,,,,,,,,,
621493,Freestanding emergency medical centers,N,,,,,,,,,,,,,,,,,,,,,,,
621498,All other outpatient care centers,N,,,,,,,,,,,,,,,,,,,,,,,
621511,Medical laboratories,N,,,,,,,,,,,,,,,,,,,,,,,
621512,Diagnostic imaging centers,N,,,,,,,,,,,,,,,,,,,,,,,
621610,Home health care services,N,,,,,,,,,,,,,,,,,,,,,,,
621910,Ambulance services,N,,,,,,,,,,,,,,,,,,,,,,,
621991,Blood and organ banks,N,,,,,,,,,,,,,,,,,,,,,,,
621999,Miscellaneous ambulatory health care services,N,,,,,,,,,,,,,,,,,,,,,,,
622110,General medical and surgical hospitals,N,,,,,,,,,,,,,,,,,,,,,,,
622210,Psychiatric and substance abuse hospitals,N,,,,,,,,,,,,,,,,,,,,,,,
622310,Other hospitals,N,,,,,,,,,,,,,,,,,,,,,,,
623110,Nursing care facilities,N,,,,,,,,,,,,,,,,,,,,,,,
623210,Residential mental retardation facilities,N,,,,,,,,,,,,,,,,,,,,,,,
623220,Residential mental and substance abuse care,N,,,,,,,,,,,,,,,,,,,,,,,
623311,Continuing care retirement communities,N,,,,,,,,,,,,,,,,,,,,,,,
623312,Homes for the elderly,N,,,,,,,,,,,,,,,,,,,,,,,
623990,Other residential care facilities,N,,,,,,,,,,,,,,,,,,,,,,,
624110,Child and youth services,N,,,,,,,,,,,,,,,,,,,,,,,
624120,Services for the elderly and disabled,N,,,,,,,,,,,,,,,,,,,,,,,
624190,Other individual and family services,N,,,,,,,,,,,,,,,,,,,,,,,
624210,Community food services,N,,,,,,,,,,,,,,,,,,,,,,,
624221,Temporary shelters,N,,,,,,,,,,,,,,,,,,,,,,,
624229,Other community housing services,N,,,,,,,,,,,,,,,,,,,,,,,
624230,Emergency and other relief services,N,,,,,,,,,,,,,,,,,,,,,,,
624310,Vocational rehabilitation services,N,,,,,,,,,,,,,,,,,,,,,,,
624410,Child day care services,N,,,,,,,,,,,,,,,,,,,,,,,
711110,Theater companies and dinner theaters,N,,,,,,,,,,,,,,,,,,,,,,,
711120,Dance companies,N,,,,,,,,,,,,,,,,,,,,,,,
711130,Musical groups and artists,N,,,,,,,,,,,,,,,,,,,,,,,
711190,Other performing arts companies,N,,,,,,,,,,,,,,,,,,,,,,,
711211,Sports teams and clubs,N,,,,,,,,,,,,,,,,,,,,,,,
711212,Racetracks,N,,,,,,,,,,,,,,,,,,,,,,,
711219,Other spectator sports,N,,,,,,,,,,,,,,,,,,,,,,,
711310,Promoters with facilities,N,,,,,,,,,,,,,,,,,,,,,,,
711320,Promoters without facilities,N,,,,,,,,,,,,,,,,,,,,,,,
711410,Agents and managers for public figures,N,,,,,,,,,,,,,,,,,,,,,,,
711510,"Independent artists, writers, and performers",N,,,,,,,,,,,,,,,,,,,,,,,
712110,Museums,Y,7,1,Environment and science museums,,,,,,,,,,,,,,,,,,,,
712120,Historical sites,N,,,,,,,,,,,,,,,,,,,,,,,
712130,Zoos and botanical gardens,Y,6,1,Botanical gardens,,,,,,,,,,,,,,,,,,,,
712190,Nature parks and other similar institutions,Y,6,1,Nature preserves,,,,,,,,,,,,,,,,,,,,
713110,Amusement and theme parks,N,,,,,,,,,,,,,,,,,,,,,,,
713120,Amusement arcades,N,,,,,,,,,,,,,,,,,,,,,,,
713210,"Casinos, except casino hotels",N,,,,,,,,,,,,,,,,,,,,,,,
713290,Other gambling industries,N,,,,,,,,,,,,,,,,,,,,,,,
713910,Golf courses and country clubs,N,,,,,,,,,,,,,,,,,,,,,,,
713920,Skiing facilities,N,,,,,,,,,,,,,,,,,,,,,,,
713930,Marinas,N,,,,,,,,,,,,,,,,,,,,,,,
713940,Fitness and recreational sports centers,N,,,,,,,,,,,,,,,,,,,,,,,
713950,Bowling centers,N,,,,,,,,,,,,,,,,,,,,,,,
713990,All other amusement and recreation industries,N,,,,,,,,,,,,,,,,,,,,,,,
721110,"Hotels and motels, except casino hotels",N,,,,,,,,,,,,,,,,,,,,,,,
721120,Casino hotels,N,,,,,,,,,,,,,,,,,,,,,,,
721191,Bed-and-breakfast inns,N,,,,,,,,,,,,,,,,,,,,,,,
721199,All other traveler accommodation,N,,,,,,,,,,,,,,,,,,,,,,,
721211,RV parks and campgrounds,N,,,,,,,,,,,,,,,,,,,,,,,
721214,Recreational and vacation camps,N,,,,,,,,,,,,,,,,,,,,,,,
721310,Rooming and boarding houses,N,,,,,,,,,,,,,,,,,,,,,,,
722110,Full-service restaurants,Y,6,4,Serving USDA certified organic food,,,,,,,,,,,,,,,,,,,,
722211,Limited-service restaurants,Y,6,4,Serving USDA certified organic food,,,,,,,,,,,,,,,,,,,,
722212,"Cafeterias, grill buffets, and buffets",Y,6,4,Serving USDA certified organic food,,,,,,,,,,,,,,,,,,,,
722213,Snack and nonalcoholic beverage bars,Y,6,4,Serving USDA certified organic food,,,,,,,,,,,,,,,,,,,,
722310,Food service contractors,Y,6,4,Serving USDA certified organic food,,,,,,,,,,,,,,,,,,,,
722320,Caterers,Y,6,4,Serving USDA certified organic food,,,,,,,,,,,,,,,,,,,,
722330,Mobile food services,Y,6,4,Serving USDA certified organic food,,,,,,,,,,,,,,,,,,,,
722410,"Drinking places, alcoholic beverages",Y,6,4,Serving USDA certified organic food,,,,,,,,,,,,,,,,,,,,
811111,General automotive repair,Y,2,3,Repair of parts for hybrid cars,,,,,,,,,,,,,,,,,,,,
811112,Automotive exhaust system repair,Y,2,3,Repair of parts for hybrid cars,,,,,,,,,,,,,,,,,,,,
811113,Automotive transmission repair,Y,2,3,Repair of parts for hybrid cars,,,,,,,,,,,,,,,,,,,,
811118,Other automotive mechanical and elec. repair,Y,2,3,Repair of parts for hybrid cars,,,,,,,,,,,,,,,,,,,,
811121,Automotive body and interior repair,N,,,,,,,,,,,,,,,,,,,,,,,
811122,Automotive glass replacement shops,N,,,,,,,,,,,,,,,,,,,,,,,
811191,Automotive oil change and lubrication shops,N,,,,,,,,,,,,,,,,,,,,,,,
811192,Car washes,N,,,,,,,,,,,,,,,,,,,,,,,
811198,All other automotive repair and maintenance,N,,,,,,,,,,,,,,,,,,,,,,,
811211,Consumer electronics repair and maintenance,Y,2,3,Repair of Energy Star certified electronics,,,,,,,,,,,,,,,,,,,,
811212,Computer and office machine repair,Y,2,3,Repair of Energy Star certified computers,,,,,,,,,,,,,,,,,,,,
811213,Communication equipment repair,Y,2,3,Repair of Energy Star certified telephones,,,,,,,,,,,,,,,,,,,,
811219,Other electronic equipment repair,Y,2,3,Repair of Energy Star certified electronics,,,,,,,,,,,,,,,,,,,,
811310,Commercial machinery repair and maintenance,Y,2,3,Repair of Energy Star certified commercial equipment,,,,,,,,,,,,,,,,,,,,
811411,Home and garden equipment repair,N,,,,,,,,,,,,,,,,,,,,,,,
811412,Appliance repair and maintenance,Y,2,3,Repair of Energy Star certified appliances,,,,,,,,,,,,,,,,,,,,
811420,Reupholstery and furniture repair,N,,,,,,,,,,,,,,,,,,,,,,,
811430,Footwear and leather goods repair,N,,,,,,,,,,,,,,,,,,,,,,,
811490,Other household goods repair and maintenance,N,,,,,,,,,,,,,,,,,,,,,,,
812111,Barber shops,N,,,,,,,,,,,,,,,,,,,,,,,
812112,Beauty salons,N,,,,,,,,,,,,,,,,,,,,,,,
812113,Nail salons,N,,,,,,,,,,,,,,,,,,,,,,,
812191,Diet and weight reducing centers,N,,,,,,,,,,,,,,,,,,,,,,,
812199,Other personal care services,N,,,,,,,,,,,,,,,,,,,,,,,
812210,Funeral homes and funeral services,N,,,,,,,,,,,,,,,,,,,,,,,
812220,Cemeteries and crematories,N,,,,,,,,,,,,,,,,,,,,,,,
812310,Coin-operated laundries and drycleaners,N,,,,,,,,,,,,,,,,,,,,,,,
812320,Drycleaning and laundry services,Y,4,2,Certified environment-friendly drycleaning,,,,,,,,,,,,,,,,,,,,
812331,Linen supply,N,,,,,,,,,,,,,,,,,,,,,,,
812332,Industrial launderers,N,,,,,,,,,,,,,,,,,,,,,,,
812910,"Pet care, except veterinary, services",N,,,,,,,,,,,,,,,,,,,,,,,
812921,"Photofinishing laboratories, except one-hour",N,,,,,,,,,,,,,,,,,,,,,,,
812922,One-hour photofinishing,N,,,,,,,,,,,,,,,,,,,,,,,
812930,Parking lots and garages,N,,,,,,,,,,,,,,,,,,,,,,,
812990,All other personal services,N,,,,,,,,,,,,,,,,,,,,,,,
813110,Religious organizations,N,,,,,,,,,,,,,,,,,,,,,,,
813211,Grantmaking foundations,Y,7,1,Environmental research/education grants,,,,,,,,,,,,,,,,,,,,
813212,Voluntary health organizations,N,,,,,,,,,,,,,,,,,,,,,,,
813219,Other grantmaking and giving services,Y,7,1,Environmental research/education grants,,,,,,,,,,,,,,,,,,,,
813311,Human rights organizations,N,,,,,,,,,,,,,,,,,,,,,,,
813312,Environment and conservation orgs,Y,7,1,Environmental organizations,,,,,,,,,,,,,,,,,,,,
813319,Other social advocacy organizations,N,,,,,,,,,,,,,,,,,,,,,,,
813410,Civic and social organizations,N,,,,,,,,,,,,,,,,,,,,,,,
813910,Business associations,Y,7,1,Industry associations,,,,,,,,,,,,,,,,,,,,
813920,Professional organizations,Y,7,1,Industry associations,,,,,,,,,,,,,,,,,,,,
813930,Labor unions and similar labor orgs,N,,,,,,,,,,,,,,,,,,,,,,,
813940,Political organizations,Y,7,1,Environmental political groups,,,,,,,,,,,,,,,,,,,,
813990,Other similar organizations,N,,,,,,,,,,,,,,,,,,,,,,,
814110,Private households,N,,,,,,,,,,,,,,,,,,,,,,,
921110,Executive offices,N,,,,,,,,,,,,,,,,,,,,,,,
921120,Legislative bodies,N,,,,,,,,,,,,,,,,,,,,,,,
921130,Public finance activities,N,,,,,,,,,,,,,,,,,,,,,,,
921140,"Executive and legislative offices, combined",N,,,,,,,,,,,,,,,,,,,,,,,
921150,Tribal governments,N,,,,,,,,,,,,,,,,,,,,,,,
921190,Other general government support,N,,,,,,,,,,,,,,,,,,,,,,,
922110,Courts,N,,,,,,,,,,,,,,,,,,,,,,,
922120,Police protection,N,,,,,,,,,,,,,,,,,,,,,,,
922130,Legal counsel and prosecution,N,,,,,,,,,,,,,,,,,,,,,,,
922140,Correctional institutions,N,,,,,,,,,,,,,,,,,,,,,,,
922150,Parole offices and probation offices,N,,,,,,,,,,,,,,,,,,,,,,,
922160,Fire protection,N,,,,,,,,,,,,,,,,,,,,,,,
922190,Other justice and safety activities,N,,,,,,,,,,,,,,,,,,,,,,,
923110,Administration of education programs,N,,,,,,,,,,,,,,,,,,,,,,,
923120,Administration of public health programs,N,,,,,,,,,,,,,,,,,,,,,,,
923130,Other human resource programs administration,N,,,,,,,,,,,,,,,,,,,,,,,
923140,Administration of veterans' affairs,N,,,,,,,,,,,,,,,,,,,,,,,
924110,"Air, water, and waste program administration",Y,7,1,Administer waste collection programs,,,,,,,,,,,,,,,,,,,,
924120,Administration of conservation programs,Y,7,1,Administer conservation programs,,,,,,,,,,,,,,,,,,,,
925110,Administration of housing programs,N,,,,,,,,,,,,,,,,,,,,,,,
925120,Urban and rural development administration,N,,,,,,,,,,,,,,,,,,,,,,,
926110,Administration of general economic programs,Y,7,1,Green jobs training,,,,,,,,,,,,,,,,,,,,
926120,Transportation program administration,Y,7,1,Mass transit planning,,,,,,,,,,,,,,,,,,,,
926130,Utility regulation and administration,Y,7,1,Utility regulation,,,,,,,,,,,,,,,,,,,,
926140,Agricultural market and commodity regulation,Y,7,1,Certifies organic producers,,,,,,,,,,,,,,,,,,,,
926150,Licensing and regulating commercial sectors,Y,7,1,Regulate businesses for environmental compliance,,,,,,,,,,,,,,,,,,,,
927110,Space research and technology,N,,,,,,,,,,,,,,,,,,,,,,,
928110,National security,N,,,,,,,,,,,,,,,,,,,,,,,
928120,International affairs,N,,,,,,,,,,,,,,,,,,,,,,,