Sector_Level,Sector,SectorLength
NAICS_2,11,2
NAICS_2,21,2
NAICS_2,22,2
NAICS_2,23,2
NAICS_2,31,2
NAICS_2,32,2
NAICS_2,33,2
NAICS_2,42,2
NAICS_2,44,2
NAICS_2,45,2
NAICS_2,48,2
NAICS_2,49,2
NAICS_2,51,2
NAICS_2,52,2
NAICS_2,53,2
NAICS_2,54,2
NAICS_2,55,2
NAICS_2,56,2
NAICS_2,61,2
NAICS_2,62,2
NAICS_2,71,2
NAICS_2,72,2
NAICS_2,81,2
NAICS_2,92,2
NAICS_2,F010,2
NAICS_2,F040,2
NAICS_2,F050,2
NAICS_2,S00101,2
NAICS_2,S00201,2
NAICS_2,S00202,2
NAICS_2,S00203,2
NAICS_3,111,3
NAICS_3,112,3
NAICS_3,113,3
NAICS_3,114,3
NAICS_3,115,3
NAICS_3,211,3
NAICS_3,212,3
NAICS_3,213,3
NAICS_3,221,3
NAICS_3,236,3
NAICS_3,237,3
NAICS_3,238,3
NAICS_3,311,3
NAICS_3,312,3
NAICS_3,313,3
NAICS_3,314,3
NAICS_3,315,3
NAICS_3,316,3
NAICS_3,321,3
NAICS_3,322,3
NAICS_3,323,3
NAICS_3,324,3
NAICS_3,325,3
NAICS_3,326,3
NAICS_3,327,3
NAICS_3,331,3
NAICS_3,332,3
NAICS_3,333,3
NAICS_3,334,3
NAICS_3,335,3
NAICS_3,336,3
NAICS_3,337,3
NAICS_3,339,3
NAICS_3,423,3
NAICS_3,424,3
NAICS_3,425,3
NAICS_3,441,3
NAICS_3,442,3
NAICS_3,443,3
NAICS_3,444,3
NAICS_3,445,3
NAICS_3,446,3
NAICS_3,447,3
NAICS_3,448,3
NAICS_3,449,3
NAICS_3,451,3
NAICS_3,452,3
NAICS_3,453,3
NAICS_3,454,3
NAICS_3,455,3
NAICS_3,456,3
NAICS_3,457,3
NAICS_3,458,3
NAICS_3,459,3
NAICS_3,481,3
NAICS_3,482,3
NAICS_3,483,3
NAICS_3,484,3
NAICS_3,485,3
NAICS_3,486,3
NAICS_3,487,3
NAICS_3,488,3
NAICS_3,491,3
NAICS_3,492,3
NAICS_3,493,3
NAICS_3,511,3
NAICS_3,512,3
NAICS_3,513,3
NAICS_3,515,3
NAICS_3,516,3
NAICS_3,517,3
NAICS_3,518,3
NAICS_3,519,3
NAICS_3,521,3
NAICS_3,522,3
NAICS_3,523,3
NAICS_3,524,3
NAICS_3,525,3
NAICS_3,531,3
NAICS_3,532,3
NAICS_3,533,3
NAICS_3,541,3
NAICS_3,551,3
NAICS_3,561,3
NAICS_3,562,3
NAICS_3,611,3
NAICS_3,621,3
NAICS_3,622,3
NAICS_3,623,3
NAICS_3,624,3
NAICS_3,711,3
NAICS_3,712,3
NAICS_3,713,3
NAICS_3,721,3
NAICS_3,722,3
NAICS_3,811,3
NAICS_3,812,3
NAICS_3,813,3
NAICS_3,814,3
NAICS_3,921,3
NAICS_3,922,3
NAICS_3,923,3
NAICS_3,924,3
NAICS_3,925,3
NAICS_3,926,3
NAICS_3,927,3
NAICS_3,928,3
NAICS_3,F010,3
NAICS_3,F040,3
NAICS_3,F050,3
NAICS_3,S00101,3
NAICS_3,S00201,3
NAICS_3,S00202,3
NAICS_3,S00203,3
NAICS_4,1111,4
NAICS_4,1112,4
NAICS_4,1113,4
NAICS_4,1114,4
NAICS_4,1119,4
NAICS_4,1121,4
NAICS_4,1122,4
NAICS_4,1123,4
NAICS_4,1124,4
NAICS_4,1125,4
NAICS_4,1129,4
NAICS_4,1131,4
NAICS_4,1132,4
NAICS_4,1133,4
NAICS_4,1141,4
NAICS_4,1142,4
NAICS_4,1151,4
NAICS_4,1152,4
NAICS_4,1153,4
NAICS_4,2111,4
NAICS_4,2121,4
NAICS_4,2122,4
NAICS_4,2123,4
NAICS_4,2131,4
NAICS_4,2211,4
NAICS_4,2212,4
NAICS_4,2213,4
NAICS_4,2361,4
NAICS_4,2362,4
NAICS_4,2371,4
NAICS_4,2372,4
NAICS_4,2373,4
NAICS_4,2379,4
NAICS_4,2381,4
NAICS_4,2382,4
NAICS_4,2383,4
NAICS_4,2389,4
NAICS_4,3111,4
NAICS_4,3112,4
NAICS_4,3113,4
NAICS_4,3114,4
NAICS_4,3115,4
NAICS_4,3116,4
NAICS_4,3117,4
NAICS_4,3118,4
NAICS_4,3119,4
NAICS_4,3121,4
NAICS_4,3122,4
NAICS_4,3131,4
NAICS_4,3132,4
NAICS_4,3133,4
NAICS_4,3141,4
NAICS_4,3149,4
NAICS_4,3151,4
NAICS_4,3152,4
NAICS_4,3159,4
NAICS_4,3161,4
NAICS_4,3162,4
NAICS_4,3169,4
NAICS_4,3211,4
NAICS_4,3212,4
NAICS_4,3219,4
NAICS_4,3221,4
NAICS_4,3222,4
NAICS_4,3231,4
NAICS_4,3241,4
NAICS_4,3251,4
NAICS_4,3252,4
NAICS_4,3253,4
NAICS_4,3254,4
NAICS_4,3255,4
NAICS_4,3256,4
NAICS_4,3259,4
NAICS_4,3261,4
NAICS_4,3262,4
NAICS_4,3271,4
NAICS_4,3272,4
NAICS_4,3273,4
NAICS_4,3274,4
NAICS_4,3279,4
NAICS_4,3311,4
NAICS_4,3312,4
NAICS_4,3313,4
NAICS_4,3314,4
NAICS_4,3315,4
NAICS_4,3321,4
NAICS_4,3322,4
NAICS_4,3323,4
NAICS_4,3324,4
NAICS_4,3325,4
NAICS_4,3326,4
NAICS_4,3327,4
NAICS_4,3328,4
NAICS_4,3329,4
NAICS_4,3331,4
NAICS_4,3332,4
NAICS_4,3333,4
NAICS_4,3334,4
NAICS_4,3335,4
NAICS_4,3336,4
NAICS_4,3339,4
NAICS_4,3341,4
NAICS_4,3342,4
NAICS_4,3343,4
NAICS_4,3344,4
NAICS_4,3345,4
NAICS_4,3346,4
NAICS_4,3351,4
NAICS_4,3352,4
NAICS_4,3353,4
NAICS_4,3359,4
NAICS_4,3361,4
NAICS_4,3362,4
NAICS_4,3363,4
NAICS_4,3364,4
NAICS_4,3365,4
NAICS_4,3366,4
NAICS_4,3369,4
NAICS_4,3371,4
NAICS_4,3372,4
NAICS_4,3379,4
NAICS_4,3391,4
NAICS_4,3399,4
NAICS_4,4231,4
NAICS_4,4232,4
NAICS_4,4233,4
NAICS_4,4234,4
NAICS_4,4235,4
NAICS_4,4236,4
NAICS_4,4237,4
NAICS_4,4238,4
NAICS_4,4239,4
NAICS_4,4241,4
NAICS_4,4242,4
NAICS_4,4243,4
NAICS_4,4244,4
NAICS_4,4245,4
NAICS_4,4246,4
NAICS_4,4247,4
NAICS_4,4248,4
NAICS_4,4249,4
NAICS_4,4251,4
NAICS_4,4411,4
NAICS_4,4412,4
NAICS_4,4413,4
NAICS_4,4421,4
NAICS_4,4422,4
NAICS_4,4431,4
NAICS_4,4441,4
NAICS_4,4442,4
NAICS_4,4451,4
NAICS_4,4452,4
NAICS_4,4453,4
NAICS_4,4461,4
NAICS_4,4471,4
NAICS_4,4481,4
NAICS_4,4482,4
NAICS_4,4483,4
NAICS_4,4491,4
NAICS_4,4492,4
NAICS_4,4511,4
NAICS_4,4512,4
NAICS_4,4521,4
NAICS_4,4522,4
NAICS_4,4523,4
NAICS_4,4529,4
NAICS_4,4531,4
NAICS_4,4532,4
NAICS_4,4533,4
NAICS_4,4539,4
NAICS_4,4541,4
NAICS_4,4542,4
NAICS_4,4543,4
NAICS_4,4551,4
NAICS_4,4552,4
NAICS_4,4561,4
NAICS_4,4571,4
NAICS_4,4572,4
NAICS_4,4581,4
NAICS_4,4582,4
NAICS_4,4583,4
NAICS_4,4591,4
NAICS_4,4592,4
NAICS_4,4593,4
NAICS_4,4594,4
NAICS_4,4595,4
NAICS_4,4599,4
NAICS_4,4811,4
NAICS_4,4812,4
NAICS_4,4821,4
NAICS_4,4831,4
NAICS_4,4832,4
NAICS_4,4841,4
NAICS_4,4842,4
NAICS_4,4851,4
NAICS_4,4852,4
NAICS_4,4853,4
NAICS_4,4854,4
NAICS_4,4855,4
NAICS_4,4859,4
NAICS_4,4861,4
NAICS_4,4862,4
NAICS_4,4869,4
NAICS_4,4871,4
NAICS_4,4872,4
NAICS_4,4879,4
NAICS_4,4881,4
NAICS_4,4882,4
NAICS_4,4883,4
NAICS_4,4884,4
NAICS_4,4885,4
NAICS_4,4889,4
NAICS_4,4911,4
NAICS_4,4921,4
NAICS_4,4922,4
NAICS_4,4931,4
NAICS_4,5111,4
NAICS_4,5112,4
NAICS_4,5121,4
NAICS_4,5122,4
NAICS_4,5131,4
NAICS_4,5132,4
NAICS_4,5151,4
NAICS_4,5152,4
NAICS_4,5161,4
NAICS_4,5162,4
NAICS_4,5171,4
NAICS_4,5172,4
NAICS_4,5173,4
NAICS_4,5174,4
NAICS_4,5175,4
NAICS_4,5178,4
NAICS_4,5179,4
NAICS_4,5181,4
NAICS_4,5182,4
NAICS_4,5191,4
NAICS_4,5192,4
NAICS_4,5211,4
NAICS_4,5221,4
NAICS_4,5222,4
NAICS_4,5223,4
NAICS_4,5231,4
NAICS_4,5232,4
NAICS_4,5239,4
NAICS_4,5241,4
NAICS_4,5242,4
NAICS_4,5251,4
NAICS_4,5259,4
NAICS_4,5311,4
NAICS_4,5312,4
NAICS_4,5313,4
NAICS_4,5321,4
NAICS_4,5322,4
NAICS_4,5323,4
NAICS_4,5324,4
NAICS_4,5331,4
NAICS_4,5411,4
NAICS_4,5412,4
NAICS_4,5413,4
NAICS_4,5414,4
NAICS_4,5415,4
NAICS_4,5416,4
NAICS_4,5417,4
NAICS_4,5418,4
NAICS_4,5419,4
NAICS_4,5511,4
NAICS_4,5611,4
NAICS_4,5612,4
NAICS_4,5613,4
NAICS_4,5614,4
NAICS_4,5615,4
NAICS_4,5616,4
NAICS_4,5617,4
NAICS_4,5619,4
NAICS_4,5621,4
NAICS_4,5622,4
NAICS_4,5629,4
NAICS_4,6111,4
NAICS_4,6112,4
NAICS_4,6113,4
NAICS_4,6114,4
NAICS_4,6115,4
NAICS_4,6116,4
NAICS_4,6117,4
NAICS_4,6211,4
NAICS_4,6212,4
NAICS_4,6213,4
NAICS_4,6214,4
NAICS_4,6215,4
NAICS_4,6216,4
NAICS_4,6219,4
NAICS_4,6221,4
NAICS_4,6222,4
NAICS_4,6223,4
NAICS_4,6231,4
NAICS_4,6232,4
NAICS_4,6233,4
NAICS_4,6239,4
NAICS_4,6241,4
NAICS_4,6242,4
NAICS_4,6243,4
NAICS_4,6244,4
NAICS_4,7111,4
NAICS_4,7112,4
NAICS_4,7113,4
NAICS_4,7114,4
NAICS_4,7115,4
NAICS_4,7121,4
NAICS_4,7131,4
NAICS_4,7132,4
NAICS_4,7139,4
NAICS_4,7211,4
NAICS_4,7212,4
NAICS_4,7213,4
NAICS_4,7221,4
NAICS_4,7222,4
NAICS_4,7223,4
NAICS_4,7224,4
NAICS_4,7225,4
NAICS_4,8111,4
NAICS_4,8112,4
NAICS_4,8113,4
NAICS_4,8114,4
NAICS_4,8121,4
NAICS_4,8122,4
NAICS_4,8123,4
NAICS_4,8129,4
NAICS_4,8131,4
NAICS_4,8132,4
NAICS_4,8133,4
NAICS_4,8134,4
NAICS_4,8139,4
NAICS_4,8141,4
NAICS_4,9211,4
NAICS_4,9221,4
NAICS_4,9231,4
NAICS_4,9241,4
NAICS_4,9251,4
NAICS_4,9261,4
NAICS_4,9271,4
NAICS_4,9281,4
NAICS_4,F010,4
NAICS_4,F040,4
NAICS_4,F050,4
NAICS_4,S00101,4
NAICS_4,S00201,4
NAICS_4,S00202,4
NAICS_4,S00203,4
NAICS_5,11111,5
NAICS_5,11112,5
NAICS_5,11113,5
NAICS_5,11114,5
NAICS_5,11115,5
NAICS_5,11116,5
NAICS_5,11119,5
NAICS_5,11121,5
NAICS_5,11131,5
NAICS_5,11132,5
NAICS_5,11133,5
NAICS_5,11141,5
NAICS_5,11142,5
NAICS_5,11191,5
NAICS_5,11192,5
NAICS_5,11193,5
NAICS_5,11194,5
NAICS_5,11199,5
NAICS_5,11211,5
NAICS_5,11212,5
NAICS_5,11213,5
NAICS_5,11221,5
NAICS_5,11231,5
NAICS_5,11232,5
NAICS_5,11233,5
NAICS_5,11234,5
NAICS_5,11239,5
NAICS_5,11241,5
NAICS_5,11242,5
NAICS_5,11251,5
NAICS_5,11291,5
NAICS_5,11292,5
NAICS_5,11293,5
NAICS_5,11299,5
NAICS_5,11311,5
NAICS_5,11321,5
NAICS_5,11331,5
NAICS_5,11411,5
NAICS_5,11421,5
NAICS_5,11511,5
NAICS_5,11521,5
NAICS_5,11531,5
NAICS_5,21111,5
NAICS_5,21112,5
NAICS_5,21113,5
NAICS_5,21211,5
NAICS_5,21221,5
NAICS_5,21222,5
NAICS_5,21223,5
NAICS_5,21229,5
NAICS_5,21231,5
NAICS_5,21232,5
NAICS_5,21239,5
NAICS_5,21311,5
NAICS_5,22111,5
NAICS_5,22112,5
NAICS_5,22121,5
NAICS_5,22131,5
NAICS_5,22132,5
NAICS_5,22133,5
NAICS_5,23611,5
NAICS_5,23621,5
NAICS_5,23622,5
NAICS_5,23711,5
NAICS_5,23712,5
NAICS_5,23713,5
NAICS_5,23721,5
NAICS_5,23731,5
NAICS_5,23799,5
NAICS_5,23811,5
NAICS_5,23812,5
NAICS_5,23813,5
NAICS_5,23814,5
NAICS_5,23815,5
NAICS_5,23816,5
NAICS_5,23817,5
NAICS_5,23819,5
NAICS_5,23821,5
NAICS_5,23822,5
NAICS_5,23829,5
NAICS_5,23831,5
NAICS_5,23832,5
NAICS_5,23833,5
NAICS_5,23834,5
NAICS_5,23835,5
NAICS_5,23839,5
NAICS_5,23891,5
NAICS_5,23899,5
NAICS_5,31111,5
NAICS_5,31121,5
NAICS_5,31122,5
NAICS_5,31123,5
NAICS_5,31131,5
NAICS_5,31132,5
NAICS_5,31133,5
NAICS_5,31134,5
NAICS_5,31135,5
NAICS_5,31141,5
NAICS_5,31142,5
NAICS_5,31151,5
NAICS_5,31152,5
NAICS_5,31161,5
NAICS_5,31171,5
NAICS_5,31181,5
NAICS_5,31182,5
NAICS_5,31183,5
NAICS_5,31191,5
NAICS_5,31192,5
NAICS_5,31193,5
NAICS_5,31194,5
NAICS_5,31199,5
NAICS_5,31211,5
NAICS_5,31212,5
NAICS_5,31213,5
NAICS_5,31214,5
NAICS_5,31221,5
NAICS_5,31222,5
NAICS_5,31223,5
NAICS_5,31311,5
NAICS_5,31321,5
NAICS_5,31322,5
NAICS_5,31323,5
NAICS_5,31324,5
NAICS_5,31331,5
NAICS_5,31332,5
NAICS_5,31411,5
NAICS_5,31412,5
NAICS_5,31491,5
NAICS_5,31499,5
NAICS_5,31511,5
NAICS_5,31512,5
NAICS_5,31519,5
NAICS_5,31521,5
NAICS_5,31522,5
NAICS_5,31523,5
NAICS_5,31524,5
NAICS_5,31525,5
NAICS_5,31528,5
NAICS_5,31529,5
NAICS_5,31599,5
NAICS_5,31611,5
NAICS_5,31621,5
NAICS_5,31699,5
NAICS_5,32111,5
NAICS_5,32121,5
NAICS_5,32191,5
NAICS_5,32192,5
NAICS_5,32199,5
NAICS_5,32211,5
NAICS_5,32212,5
NAICS_5,32213,5
NAICS_5,32221,5
NAICS_5,32222,5
NAICS_5,32223,5
NAICS_5,32229,5
NAICS_5,32311,5
NAICS_5,32312,5
NAICS_5,32411,5
NAICS_5,32412,5
NAICS_5,32419,5
NAICS_5,32511,5
NAICS_5,32512,5
NAICS_5,32513,5
NAICS_5,32518,5
NAICS_5,32519,5
NAICS_5,32521,5
NAICS_5,32522,5
NAICS_5,32531,5
NAICS_5,32532,5
NAICS_5,32541,5
NAICS_5,32551,5
NAICS_5,32552,5
NAICS_5,32561,5
NAICS_5,32562,5
NAICS_5,32591,5
NAICS_5,32592,5
NAICS_5,32599,5
NAICS_5,32611,5
NAICS_5,32612,5
NAICS_5,32613,5
NAICS_5,32614,5
NAICS_5,32615,5
NAICS_5,32616,5
NAICS_5,32619,5
NAICS_5,32621,5
NAICS_5,32622,5
NAICS_5,32629,5
NAICS_5,32711,5
NAICS_5,32712,5
NAICS_5,32721,5
NAICS_5,32731,5
NAICS_5,32732,5
NAICS_5,32733,5
NAICS_5,32739,5
NAICS_5,32741,5
NAICS_5,32742,5
NAICS_5,32791,5
NAICS_5,32799,5
NAICS_5,33111,5
NAICS_5,33121,5
NAICS_5,33122,5
NAICS_5,33131,5
NAICS_5,33141,5
NAICS_5,33142,5
NAICS_5,33149,5
NAICS_5,33151,5
NAICS_5,33152,5
NAICS_5,33211,5
NAICS_5,33221,5
NAICS_5,33231,5
NAICS_5,33232,5
NAICS_5,33241,5
NAICS_5,33242,5
NAICS_5,33243,5
NAICS_5,33251,5
NAICS_5,33261,5
NAICS_5,33271,5
NAICS_5,33272,5
NAICS_5,33281,5
NAICS_5,33291,5
NAICS_5,33299,5
NAICS_5,33311,5
NAICS_5,33312,5
NAICS_5,33313,5
NAICS_5,33321,5
NAICS_5,33322,5
NAICS_5,33324,5
NAICS_5,33329,5
NAICS_5,33331,5
NAICS_5,33341,5
NAICS_5,33351,5
NAICS_5,33361,5
NAICS_5,33391,5
NAICS_5,33392,5
NAICS_5,33399,5
NAICS_5,33411,5
NAICS_5,33421,5
NAICS_5,33422,5
NAICS_5,33429,5
NAICS_5,33431,5
NAICS_5,33441,5
NAICS_5,33451,5
NAICS_5,33461,5
NAICS_5,33511,5
NAICS_5,33512,5
NAICS_5,33513,5
NAICS_5,33521,5
NAICS_5,33522,5
NAICS_5,33531,5
NAICS_5,33591,5
NAICS_5,33592,5
NAICS_5,33593,5
NAICS_5,33599,5
NAICS_5,33611,5
NAICS_5,33612,5
NAICS_5,33621,5
NAICS_5,33631,5
NAICS_5,33632,5
NAICS_5,33633,5
NAICS_5,33634,5
NAICS_5,33635,5
NAICS_5,33636,5
NAICS_5,33637,5
NAICS_5,33639,5
NAICS_5,33641,5
NAICS_5,33651,5
NAICS_5,33661,5
NAICS_5,33699,5
NAICS_5,33711,5
NAICS_5,33712,5
NAICS_5,33721,5
NAICS_5,33791,5
NAICS_5,33792,5
NAICS_5,33911,5
NAICS_5,33991,5
NAICS_5,33992,5
NAICS_5,33993,5
NAICS_5,33994,5
NAICS_5,33995,5
NAICS_5,33999,5
NAICS_5,42311,5
NAICS_5,42312,5
NAICS_5,42313,5
NAICS_5,42314,5
NAICS_5,42321,5
NAICS_5,42322,5
NAICS_5,42331,5
NAICS_5,42332,5
NAICS_5,42333,5
NAICS_5,42339,5
NAICS_5,42341,5
NAICS_5,42342,5
NAICS_5,42343,5
NAICS_5,42344,5
NAICS_5,42345,5
NAICS_5,42346,5
NAICS_5,42349,5
NAICS_5,42351,5
NAICS_5,42352,5
NAICS_5,42361,5
NAICS_5,42362,5
NAICS_5,42369,5
NAICS_5,42371,5
NAICS_5,42372,5
NAICS_5,42373,5
NAICS_5,42374,5
NAICS_5,42381,5
NAICS_5,42382,5
NAICS_5,42383,5
NAICS_5,42384,5
NAICS_5,42385,5
NAICS_5,42386,5
NAICS_5,42391,5
NAICS_5,42392,5
NAICS_5,42393,5
NAICS_5,42394,5
NAICS_5,42399,5
NAICS_5,42411,5
NAICS_5,42412,5
NAICS_5,42413,5
NAICS_5,42421,5
NAICS_5,42431,5
NAICS_5,42432,5
NAICS_5,42433,5
NAICS_5,42434,5
NAICS_5,42435,5
NAICS_5,42441,5
NAICS_5,42442,5
NAICS_5,42443,5
NAICS_5,42444,5
NAICS_5,42445,5
NAICS_5,42446,5
NAICS_5,42447,5
NAICS_5,42448,5
NAICS_5,42449,5
NAICS_5,42451,5
NAICS_5,42452,5
NAICS_5,42459,5
NAICS_5,42461,5
NAICS_5,42469,5
NAICS_5,42471,5
NAICS_5,42472,5
NAICS_5,42481,5
NAICS_5,42482,5
NAICS_5,42491,5
NAICS_5,42492,5
NAICS_5,42493,5
NAICS_5,42494,5
NAICS_5,42495,5
NAICS_5,42499,5
NAICS_5,42511,5
NAICS_5,42512,5
NAICS_5,44111,5
NAICS_5,44112,5
NAICS_5,44121,5
NAICS_5,44122,5
NAICS_5,44131,5
NAICS_5,44132,5
NAICS_5,44133,5
NAICS_5,44134,5
NAICS_5,44211,5
NAICS_5,44221,5
NAICS_5,44229,5
NAICS_5,44311,5
NAICS_5,44312,5
NAICS_5,44313,5
NAICS_5,44314,5
NAICS_5,44411,5
NAICS_5,44412,5
NAICS_5,44413,5
NAICS_5,44414,5
NAICS_5,44418,5
NAICS_5,44419,5
NAICS_5,44421,5
NAICS_5,44422,5
NAICS_5,44423,5
NAICS_5,44424,5
NAICS_5,44511,5
NAICS_5,44512,5
NAICS_5,44513,5
NAICS_5,44521,5
NAICS_5,44522,5
NAICS_5,44523,5
NAICS_5,44524,5
NAICS_5,44525,5
NAICS_5,44529,5
NAICS_5,44531,5
NAICS_5,44532,5
NAICS_5,44611,5
NAICS_5,44612,5
NAICS_5,44613,5
NAICS_5,44619,5
NAICS_5,44711,5
NAICS_5,44719,5
NAICS_5,44811,5
NAICS_5,44812,5
NAICS_5,44813,5
NAICS_5,44814,5
NAICS_5,44815,5
NAICS_5,44819,5
NAICS_5,44821,5
NAICS_5,44831,5
NAICS_5,44832,5
NAICS_5,44911,5
NAICS_5,44912,5
NAICS_5,44921,5
NAICS_5,45111,5
NAICS_5,45112,5
NAICS_5,45113,5
NAICS_5,45114,5
NAICS_5,45121,5
NAICS_5,45122,5
NAICS_5,45211,5
NAICS_5,45221,5
NAICS_5,45231,5
NAICS_5,45291,5
NAICS_5,45299,5
NAICS_5,45311,5
NAICS_5,45321,5
NAICS_5,45322,5
NAICS_5,45331,5
NAICS_5,45391,5
NAICS_5,45392,5
NAICS_5,45393,5
NAICS_5,45399,5
NAICS_5,45411,5
NAICS_5,45421,5
NAICS_5,45431,5
NAICS_5,45439,5
NAICS_5,45511,5
NAICS_5,45521,5
NAICS_5,45611,5
NAICS_5,45612,5
NAICS_5,45613,5
NAICS_5,45619,5
NAICS_5,45711,5
NAICS_5,45712,5
NAICS_5,45721,5
NAICS_5,45811,5
NAICS_5,45821,5
NAICS_5,45831,5
NAICS_5,45832,5
NAICS_5,45911,5
NAICS_5,45912,5
NAICS_5,45913,5
NAICS_5,45914,5
NAICS_5,45921,5
NAICS_5,45931,5
NAICS_5,45941,5
NAICS_5,45942,5
NAICS_5,45951,5
NAICS_5,45991,5
NAICS_5,45992,5
NAICS_5,45993,5
NAICS_5,45999,5
NAICS_5,48111,5
NAICS_5,48121,5
NAICS_5,48211,5
NAICS_5,48311,5
NAICS_5,48321,5
NAICS_5,48411,5
NAICS_5,48412,5
NAICS_5,48421,5
NAICS_5,48422,5
NAICS_5,48423,5
NAICS_5,48511,5
NAICS_5,48521,5
NAICS_5,48531,5
NAICS_5,48532,5
NAICS_5,48541,5
NAICS_5,48551,5
NAICS_5,48599,5
NAICS_5,48611,5
NAICS_5,48621,5
NAICS_5,48691,5
NAICS_5,48699,5
NAICS_5,48711,5
NAICS_5,48721,5
NAICS_5,48799,5
NAICS_5,48811,5
NAICS_5,48819,5
NAICS_5,48821,5
NAICS_5,48831,5
NAICS_5,48832,5
NAICS_5,48833,5
NAICS_5,48839,5
NAICS_5,48841,5
NAICS_5,48849,5
NAICS_5,48851,5
NAICS_5,48899,5
NAICS_5,49111,5
NAICS_5,49211,5
NAICS_5,49221,5
NAICS_5,49311,5
NAICS_5,49312,5
NAICS_5,49313,5
NAICS_5,49319,5
NAICS_5,51111,5
NAICS_5,51112,5
NAICS_5,51113,5
NAICS_5,51114,5
NAICS_5,51119,5
NAICS_5,51121,5
NAICS_5,51211,5
NAICS_5,51212,5
NAICS_5,51213,5
NAICS_5,51219,5
NAICS_5,51221,5
NAICS_5,51222,5
NAICS_5,51223,5
NAICS_5,51224,5
NAICS_5,51225,5
NAICS_5,51229,5
NAICS_5,51311,5
NAICS_5,51312,5
NAICS_5,51313,5
NAICS_5,51314,5
NAICS_5,51319,5
NAICS_5,51321,5
NAICS_5,51511,5
NAICS_5,51512,5
NAICS_5,51521,5
NAICS_5,51611,5
NAICS_5,51612,5
NAICS_5,51621,5
NAICS_5,51711,5
NAICS_5,51712,5
NAICS_5,51721,5
NAICS_5,51731,5
NAICS_5,51741,5
NAICS_5,51751,5
NAICS_5,51781,5
NAICS_5,51791,5
NAICS_5,51811,5
NAICS_5,51821,5
NAICS_5,51911,5
NAICS_5,51912,5
NAICS_5,51913,5
NAICS_5,51919,5
NAICS_5,51921,5
NAICS_5,51929,5
NAICS_5,52111,5
NAICS_5,52211,5
NAICS_5,52212,5
NAICS_5,52213,5
NAICS_5,52218,5
NAICS_5,52219,5
NAICS_5,52221,5
NAICS_5,52222,5
NAICS_5,52229,5
NAICS_5,52231,5
NAICS_5,52232,5
NAICS_5,52239,5
NAICS_5,52311,5
NAICS_5,52312,5
NAICS_5,52313,5
NAICS_5,52314,5
NAICS_5,52315,5
NAICS_5,52316,5
NAICS_5,52321,5
NAICS_5,52391,5
NAICS_5,52392,5
NAICS_5,52393,5
NAICS_5,52394,5
NAICS_5,52399,5
NAICS_5,52411,5
NAICS_5,52412,5
NAICS_5,52413,5
NAICS_5,52421,5
NAICS_5,52429,5
NAICS_5,52511,5
NAICS_5,52512,5
NAICS_5,52519,5
NAICS_5,52591,5
NAICS_5,52592,5
NAICS_5,52593,5
NAICS_5,52599,5
NAICS_5,53111,5
NAICS_5,53112,5
NAICS_5,53113,5
NAICS_5,53119,5
NAICS_5,53121,5
NAICS_5,53131,5
NAICS_5,53132,5
NAICS_5,53139,5
NAICS_5,53211,5
NAICS_5,53212,5
NAICS_5,53221,5
NAICS_5,53222,5
NAICS_5,53223,5
NAICS_5,53228,5
NAICS_5,53229,5
NAICS_5,53231,5
NAICS_5,53241,5
NAICS_5,53242,5
NAICS_5,53249,5
NAICS_5,53311,5
NAICS_5,54111,5
NAICS_5,54112,5
NAICS_5,54119,5
NAICS_5,54121,5
NAICS_5,54131,5
NAICS_5,54132,5
NAICS_5,54133,5
NAICS_5,54134,5
NAICS_5,54135,5
NAICS_5,54136,5
NAICS_5,54137,5
NAICS_5,54138,5
NAICS_5,54141,5
NAICS_5,54142,5
NAICS_5,54143,5
NAICS_5,54149,5
NAICS_5,54151,5
NAICS_5,54161,5
NAICS_5,54162,5
NAICS_5,54169,5
NAICS_5,54171,5
NAICS_5,54172,5
NAICS_5,54181,5
NAICS_5,54182,5
NAICS_5,54183,5
NAICS_5,54184,5
NAICS_5,54185,5
NAICS_5,54186,5
NAICS_5,54187,5
NAICS_5,54189,5
NAICS_5,54191,5
NAICS_5,54192,5
NAICS_5,54193,5
NAICS_5,54194,5
NAICS_5,54199,5
NAICS_5,55111,5
NAICS_5,56111,5
NAICS_5,56121,5
NAICS_5,56131,5
NAICS_5,56132,5
NAICS_5,56133,5
NAICS_5,56141,5
NAICS_5,56142,5
NAICS_5,56143,5
NAICS_5,56144,5
NAICS_5,56145,5
NAICS_5,56149,5
NAICS_5,56151,5
NAICS_5,56152,5
NAICS_5,56159,5
NAICS_5,56161,5
NAICS_5,56162,5
NAICS_5,56171,5
NAICS_5,56172,5
NAICS_5,56173,5
NAICS_5,56174,5
NAICS_5,56179,5
NAICS_5,56191,5
NAICS_5,56192,5
NAICS_5,56199,5
NAICS_5,56211,5
NAICS_5,56221,5
NAICS_5,56291,5
NAICS_5,56292,5
NAICS_5,56299,5
NAICS_5,61111,5
NAICS_5,61121,5
NAICS_5,61131,5
NAICS_5,61141,5
NAICS_5,61142,5
NAICS_5,61143,5
NAICS_5,61151,5
NAICS_5,61161,5
NAICS_5,61162,5
NAICS_5,61163,5
NAICS_5,61169,5
NAICS_5,61171,5
NAICS_5,62111,5
NAICS_5,62121,5
NAICS_5,62131,5
NAICS_5,62132,5
NAICS_5,62133,5
NAICS_5,62134,5
NAICS_5,62139,5
NAICS_5,62141,5
NAICS_5,62142,5
NAICS_5,62149,5
NAICS_5,62151,5
NAICS_5,62161,5
NAICS_5,62191,5
NAICS_5,62199,5
NAICS_5,62211,5
NAICS_5,62221,5
NAICS_5,62231,5
NAICS_5,62311,5
NAICS_5,62321,5
NAICS_5,62322,5
NAICS_5,62331,5
NAICS_5,62399,5
NAICS_5,62411,5
NAICS_5,62412,5
NAICS_5,62419,5
NAICS_5,62421,5
NAICS_5,62422,5
NAICS_5,62423,5
NAICS_5,62431,5
NAICS_5,62441,5
NAICS_5,71111,5
NAICS_5,71112,5
NAICS_5,71113,5
NAICS_5,71119,5
NAICS_5,71121,5
NAICS_5,71131,5
NAICS_5,71132,5
NAICS_5,71141,5
NAICS_5,71151,5
NAICS_5,71211,5
NAICS_5,71212,5
NAICS_5,71213,5
NAICS_5,71219,5
NAICS_5,71311,5
NAICS_5,71312,5
NAICS_5,71321,5
NAICS_5,71329,5
NAICS_5,71391,5
NAICS_5,71392,5
NAICS_5,71393,5
NAICS_5,71394,5
NAICS_5,71395,5
NAICS_5,71399,5
NAICS_5,72111,5
NAICS_5,72112,5
NAICS_5,72119,5
NAICS_5,72121,5
NAICS_5,72131,5
NAICS_5,72211,5
NAICS_5,72221,5
NAICS_5,72231,5
NAICS_5,72232,5
NAICS_5,72233,5
NAICS_5,72241,5
NAICS_5,72251,5
NAICS_5,81111,5
NAICS_5,81112,5
NAICS_5,81119,5
NAICS_5,81121,5
NAICS_5,81131,5
NAICS_5,81141,5
NAICS_5,81142,5
NAICS_5,81143,5
NAICS_5,81149,5
NAICS_5,81211,5
NAICS_5,81219,5
NAICS_5,81221,5
NAICS_5,81222,5
NAICS_5,81231,5
NAICS_5,81232,5
NAICS_5,81233,5
NAICS_5,81291,5
NAICS_5,81292,5
NAICS_5,81293,5
NAICS_5,81299,5
NAICS_5,81311,5
NAICS_5,81321,5
NAICS_5,81331,5
NAICS_5,81341,5
NAICS_5,81391,5
NAICS_5,81392,5
NAICS_5,81393,5
NAICS_5,81394,5
NAICS_5,81399,5
NAICS_5,81411,5
NAICS_5,92111,5
NAICS_5,92112,5
NAICS_5,92113,5
NAICS_5,92114,5
NAICS_5,92115,5
NAICS_5,92119,5
NAICS_5,92211,5
NAICS_5,92212,5
NAICS_5,92213,5
NAICS_5,92214,5
NAICS_5,92215,5
NAICS_5,92216,5
NAICS_5,92219,5
NAICS_5,92311,5
NAICS_5,92312,5
NAICS_5,92313,5
NAICS_5,92314,5
NAICS_5,92411,5
NAICS_5,92412,5
NAICS_5,92511,5
NAICS_5,92512,5
NAICS_5,92611,5
NAICS_5,92612,5
NAICS_5,92613,5
NAICS_5,92614,5
NAICS_5,92615,5
NAICS_5,92711,5
NAICS_5,92811,5
NAICS_5,92812,5
NAICS_5,F01000,5
NAICS_5,F04000,5
NAICS_5,F05000,5
NAICS_5,S00101,5
NAICS_5,S00201,5
NAICS_5,S00202,5
NAICS_5,S00203,5
NAICS_6,111110,6
NAICS_6,111120,6
NAICS_6,111130,6
NAICS_6,111140,6
NAICS_6,111150,6
NAICS_6,111160,6
NAICS_6,111191,6
NAICS_6,111199,6
NAICS_6,111211,6
NAICS_6,111219,6
NAICS_6,111310,6
NAICS_6,111320,6
NAICS_6,111331,6
NAICS_6,111332,6
NAICS_6,111333,6
NAICS_6,111334,6
NAICS_6,111335,6
NAICS_6,111336,6
NAICS_6,111339,6
NAICS_6,111411,6
NAICS_6,111419,6
NAICS_6,111421,6
NAICS_6,111422,6
NAICS_6,111910,6
NAICS_6,111920,6
NAICS_6,111930,6
NAICS_6,111940,6
NAICS_6,111991,6
NAICS_6,111992,6
NAICS_6,111998,6
NAICS_6,112111,6
NAICS_6,112112,6
NAICS_6,112120,6
NAICS_6,112130,6
NAICS_6,112210,6
NAICS_6,112310,6
NAICS_6,112320,6
NAICS_6,112330,6
NAICS_6,112340,6
NAICS_6,112390,6
NAICS_6,112410,6
NAICS_6,112420,6
NAICS_6,112511,6
NAICS_6,112512,6
NAICS_6,112519,6
NAICS_6,112910,6
NAICS_6,112920,6
NAICS_6,112930,6
NAICS_6,112990,6
NAICS_6,113110,6
NAICS_6,113210,6
NAICS_6,113310,6
NAICS_6,114111,6
NAICS_6,114112,6
NAICS_6,114119,6
NAICS_6,114210,6
NAICS_6,115111,6
NAICS_6,115112,6
NAICS_6,115113,6
NAICS_6,115114,6
NAICS_6,115115,6
NAICS_6,115116,6
NAICS_6,115210,6
NAICS_6,115310,6
NAICS_6,211111,6
NAICS_6,211112,6
NAICS_6,211120,6
NAICS_6,211130,6
NAICS_6,212111,6
NAICS_6,212112,6
NAICS_6,212113,6
NAICS_6,212114,6
NAICS_6,212115,6
NAICS_6,212210,6
NAICS_6,212220,6
NAICS_6,212221,6
NAICS_6,212222,6
NAICS_6,212230,6
NAICS_6,212231,6
NAICS_6,212234,6
NAICS_6,212290,6
NAICS_6,212291,6
NAICS_6,212299,6
NAICS_6,212311,6
NAICS_6,212312,6
NAICS_6,212313,6
NAICS_6,212319,6
NAICS_6,212321,6
NAICS_6,212322,6
NAICS_6,212323,6
NAICS_6,212324,6
NAICS_6,212325,6
NAICS_6,212390,6
NAICS_6,212391,6
NAICS_6,212392,6
NAICS_6,212393,6
NAICS_6,212399,6
NAICS_6,213111,6
NAICS_6,213112,6
NAICS_6,213113,6
NAICS_6,213114,6
NAICS_6,213115,6
NAICS_6,221111,6
NAICS_6,221112,6
NAICS_6,221113,6
NAICS_6,221114,6
NAICS_6,221115,6
NAICS_6,221116,6
NAICS_6,221117,6
NAICS_6,221118,6
NAICS_6,221119,6
NAICS_6,221121,6
NAICS_6,221122,6
NAICS_6,221210,6
NAICS_6,221310,6
NAICS_6,221320,6
NAICS_6,221330,6
NAICS_6,236115,6
NAICS_6,236116,6
NAICS_6,236117,6
NAICS_6,236118,6
NAICS_6,236210,6
NAICS_6,236220,6
NAICS_6,237110,6
NAICS_6,237120,6
NAICS_6,237130,6
NAICS_6,237210,6
NAICS_6,237310,6
NAICS_6,237990,6
NAICS_6,238110,6
NAICS_6,238120,6
NAICS_6,238130,6
NAICS_6,238140,6
NAICS_6,238150,6
NAICS_6,238160,6
NAICS_6,238170,6
NAICS_6,238190,6
NAICS_6,238210,6
NAICS_6,238220,6
NAICS_6,238290,6
NAICS_6,238310,6
NAICS_6,238320,6
NAICS_6,238330,6
NAICS_6,238340,6
NAICS_6,238350,6
NAICS_6,238390,6
NAICS_6,238910,6
NAICS_6,238990,6
NAICS_6,311111,6
NAICS_6,311119,6
NAICS_6,311211,6
NAICS_6,311212,6
NAICS_6,311213,6
NAICS_6,311221,6
NAICS_6,311222,6
NAICS_6,311223,6
NAICS_6,311224,6
NAICS_6,311225,6
NAICS_6,311230,6
NAICS_6,311311,6
NAICS_6,311312,6
NAICS_6,311313,6
NAICS_6,311314,6
NAICS_6,311320,6
NAICS_6,311330,6
NAICS_6,311340,6
NAICS_6,311351,6
NAICS_6,311352,6
NAICS_6,311411,6
NAICS_6,311412,6
NAICS_6,311421,6
NAICS_6,311422,6
NAICS_6,311423,6
NAICS_6,311511,6
NAICS_6,311512,6
NAICS_6,311513,6
NAICS_6,311514,6
NAICS_6,311520,6
NAICS_6,311611,6
NAICS_6,311612,6
NAICS_6,311613,6
NAICS_6,311615,6
NAICS_6,311710,6
NAICS_6,311711,6
NAICS_6,311712,6
NAICS_6,311811,6
NAICS_6,311812,6
NAICS_6,311813,6
NAICS_6,311821,6
NAICS_6,311822,6
NAICS_6,311823,6
NAICS_6,311824,6
NAICS_6,311830,6
NAICS_6,311911,6
NAICS_6,311919,6
NAICS_6,311920,6
NAICS_6,311930,6
NAICS_6,311941,6
NAICS_6,311942,6
NAICS_6,311991,6
NAICS_6,311999,6
NAICS_6,312111,6
NAICS_6,312112,6
NAICS_6,312113,6
NAICS_6,312120,6
NAICS_6,312130,6
NAICS_6,312140,6
NAICS_6,312210,6
NAICS_6,312221,6
NAICS_6,312229,6
NAICS_6,312230,6
NAICS_6,313110,6
NAICS_6,313111,6
NAICS_6,313112,6
NAICS_6,313113,6
NAICS_6,313210,6
NAICS_6,313220,6
NAICS_6,313221,6
NAICS_6,313222,6
NAICS_6,313230,6
NAICS_6,313240,6
NAICS_6,313241,6
NAICS_6,313249,6
NAICS_6,313310,6
NAICS_6,313311,6
NAICS_6,313312,6
NAICS_6,313320,6
NAICS_6,314110,6
NAICS_6,314120,6
NAICS_6,314121,6
NAICS_6,314129,6
NAICS_6,314910,6
NAICS_6,314911,6
NAICS_6,314912,6
NAICS_6,314991,6
NAICS_6,314992,6
NAICS_6,314994,6
NAICS_6,314999,6
NAICS_6,315110,6
NAICS_6,315111,6
NAICS_6,315119,6
NAICS_6,315120,6
NAICS_6,315190,6
NAICS_6,315191,6
NAICS_6,315192,6
NAICS_6,315210,6
NAICS_6,315211,6
NAICS_6,315212,6
NAICS_6,315220,6
NAICS_6,315221,6
NAICS_6,315222,6
NAICS_6,315223,6
NAICS_6,315224,6
NAICS_6,315225,6
NAICS_6,315228,6
NAICS_6,315231,6
NAICS_6,315232,6
NAICS_6,315233,6
NAICS_6,315234,6
NAICS_6,315239,6
NAICS_6,315240,6
NAICS_6,315250,6
NAICS_6,315280,6
NAICS_6,315291,6
NAICS_6,315292,6
NAICS_6,315299,6
NAICS_6,315990,6
NAICS_6,315991,6
NAICS_6,315992,6
NAICS_6,315993,6
NAICS_6,315999,6
NAICS_6,316110,6
NAICS_6,316210,6
NAICS_6,316211,6
NAICS_6,316212,6
NAICS_6,316213,6
NAICS_6,316214,6
NAICS_6,316219,6
NAICS_6,316990,6
NAICS_6,316991,6
NAICS_6,316992,6
NAICS_6,316993,6
NAICS_6,316998,6
NAICS_6,316999,6
NAICS_6,321113,6
NAICS_6,321114,6
NAICS_6,321211,6
NAICS_6,321212,6
NAICS_6,321213,6
NAICS_6,321214,6
NAICS_6,321215,6
NAICS_6,321219,6
NAICS_6,321911,6
NAICS_6,321912,6
NAICS_6,321918,6
NAICS_6,321920,6
NAICS_6,321991,6
NAICS_6,321992,6
NAICS_6,321999,6
NAICS_6,322110,6
NAICS_6,322120,6
NAICS_6,322121,6
NAICS_6,322122,6
NAICS_6,322130,6
NAICS_6,322211,6
NAICS_6,322212,6
NAICS_6,322213,6
NAICS_6,322214,6
NAICS_6,322215,6
NAICS_6,322219,6
NAICS_6,322220,6
NAICS_6,322221,6
NAICS_6,322222,6
NAICS_6,322223,6
NAICS_6,322224,6
NAICS_6,322225,6
NAICS_6,322226,6
NAICS_6,322230,6
NAICS_6,322231,6
NAICS_6,322232,6
NAICS_6,322233,6
NAICS_6,322291,6
NAICS_6,322299,6
NAICS_6,323110,6
NAICS_6,323111,6
NAICS_6,323112,6
NAICS_6,323113,6
NAICS_6,323114,6
NAICS_6,323115,6
NAICS_6,323116,6
NAICS_6,323117,6
NAICS_6,323118,6
NAICS_6,323119,6
NAICS_6,323120,6
NAICS_6,323121,6
NAICS_6,323122,6
NAICS_6,324110,6
NAICS_6,324121,6
NAICS_6,324122,6
NAICS_6,324191,6
NAICS_6,324199,6
NAICS_6,325110,6
NAICS_6,325120,6
NAICS_6,325130,6
NAICS_6,325131,6
NAICS_6,325132,6
NAICS_6,325180,6
NAICS_6,325181,6
NAICS_6,325182,6
NAICS_6,325188,6
NAICS_6,325191,6
NAICS_6,325192,6
NAICS_6,325193,6
NAICS_6,325194,6
NAICS_6,325199,6
NAICS_6,325211,6
NAICS_6,325212,6
NAICS_6,325220,6
NAICS_6,325221,6
NAICS_6,325222,6
NAICS_6,325311,6
NAICS_6,325312,6
NAICS_6,325314,6
NAICS_6,325315,6
NAICS_6,325320,6
NAICS_6,325411,6
NAICS_6,325412,6
NAICS_6,325413,6
NAICS_6,325414,6
NAICS_6,325510,6
NAICS_6,325520,6
NAICS_6,325611,6
NAICS_6,325612,6
NAICS_6,325613,6
NAICS_6,325620,6
NAICS_6,325910,6
NAICS_6,325920,6
NAICS_6,325991,6
NAICS_6,325992,6
NAICS_6,325998,6
NAICS_6,326111,6
NAICS_6,326112,6
NAICS_6,326113,6
NAICS_6,326121,6
NAICS_6,326122,6
NAICS_6,326130,6
NAICS_6,326140,6
NAICS_6,326150,6
NAICS_6,326160,6
NAICS_6,326191,6
NAICS_6,326192,6
NAICS_6,326199,6
NAICS_6,326211,6
NAICS_6,326212,6
NAICS_6,326220,6
NAICS_6,326291,6
NAICS_6,326299,6
NAICS_6,327110,6
NAICS_6,327111,6
NAICS_6,327112,6
NAICS_6,327113,6
NAICS_6,327120,6
NAICS_6,327121,6
NAICS_6,327122,6
NAICS_6,327123,6
NAICS_6,327124,6
NAICS_6,327125,6
NAICS_6,327211,6
NAICS_6,327212,6
NAICS_6,327213,6
NAICS_6,327215,6
NAICS_6,327310,6
NAICS_6,327320,6
NAICS_6,327331,6
NAICS_6,327332,6
NAICS_6,327390,6
NAICS_6,327410,6
NAICS_6,327420,6
NAICS_6,327910,6
NAICS_6,327991,6
NAICS_6,327992,6
NAICS_6,327993,6
NAICS_6,327999,6
NAICS_6,331110,6
NAICS_6,331111,6
NAICS_6,331112,6
NAICS_6,331210,6
NAICS_6,331221,6
NAICS_6,331222,6
NAICS_6,331311,6
NAICS_6,331312,6
NAICS_6,331313,6
NAICS_6,331314,6
NAICS_6,331315,6
NAICS_6,331316,6
NAICS_6,331318,6
NAICS_6,331319,6
NAICS_6,331410,6
NAICS_6,331411,6
NAICS_6,331419,6
NAICS_6,331420,6
NAICS_6,331421,6
NAICS_6,331422,6
NAICS_6,331423,6
NAICS_6,331491,6
NAICS_6,331492,6
NAICS_6,331511,6
NAICS_6,331512,6
NAICS_6,331513,6
NAICS_6,331521,6
NAICS_6,331522,6
NAICS_6,331523,6
NAICS_6,331524,6
NAICS_6,331525,6
NAICS_6,331528,6
NAICS_6,331529,6
NAICS_6,332111,6
NAICS_6,332112,6
NAICS_6,332114,6
NAICS_6,332115,6
NAICS_6,332116,6
NAICS_6,332117,6
NAICS_6,332119,6
NAICS_6,332211,6
NAICS_6,332212,6
NAICS_6,332213,6
NAICS_6,332214,6
NAICS_6,332215,6
NAICS_6,332216,6
NAICS_6,332311,6
NAICS_6,332312,6
NAICS_6,332313,6
NAICS_6,332321,6
NAICS_6,332322,6
NAICS_6,332323,6
NAICS_6,332410,6
NAICS_6,332420,6
NAICS_6,332431,6
NAICS_6,332439,6
NAICS_6,332510,6
NAICS_6,332611,6
NAICS_6,332612,6
NAICS_6,332613,6
NAICS_6,332618,6
NAICS_6,332710,6
NAICS_6,332721,6
NAICS_6,332722,6
NAICS_6,332811,6
NAICS_6,332812,6
NAICS_6,332813,6
NAICS_6,332911,6
NAICS_6,332912,6
NAICS_6,332913,6
NAICS_6,332919,6
NAICS_6,332991,6
NAICS_6,332992,6
NAICS_6,332993,6
NAICS_6,332994,6
NAICS_6,332995,6
NAICS_6,332996,6
NAICS_6,332997,6
NAICS_6,332998,6
NAICS_6,332999,6
NAICS_6,333111,6
NAICS_6,333112,6
NAICS_6,333120,6
NAICS_6,333131,6
NAICS_6,333132,6
NAICS_6,333210,6
NAICS_6,333220,6
NAICS_6,333241,6
NAICS_6,333242,6
NAICS_6,333243,6
NAICS_6,333244,6
NAICS_6,333248,6
NAICS_6,333249,6
NAICS_6,333291,6
NAICS_6,333292,6
NAICS_6,333293,6
NAICS_6,333294,6
NAICS_6,333295,6
NAICS_6,333298,6
NAICS_6,333310,6
NAICS_6,333311,6
NAICS_6,333312,6
NAICS_6,333313,6
NAICS_6,333314,6
NAICS_6,333315,6
NAICS_6,333316,6
NAICS_6,333318,6
NAICS_6,333319,6
NAICS_6,333411,6
NAICS_6,333412,6
NAICS_6,333413,6
NAICS_6,333414,6
NAICS_6,333415,6
NAICS_6,333511,6
NAICS_6,333512,6
NAICS_6,333513,6
NAICS_6,333514,6
NAICS_6,333515,6
NAICS_6,333516,6
NAICS_6,333517,6
NAICS_6,333518,6
NAICS_6,333519,6
NAICS_6,333611,6
NAICS_6,333612,6
NAICS_6,333613,6
NAICS_6,333618,6
NAICS_6,333911,6
NAICS_6,333912,6
NAICS_6,333913,6
NAICS_6,333914,6
NAICS_6,333921,6
NAICS_6,333922,6
NAICS_6,333923,6
NAICS_6,333924,6
NAICS_6,333991,6
NAICS_6,333992,6
NAICS_6,333993,6
NAICS_6,333994,6
NAICS_6,333995,6
NAICS_6,333996,6
NAICS_6,333997,6
NAICS_6,333998,6
NAICS_6,333999,6
NAICS_6,334111,6
NAICS_6,334112,6
NAICS_6,334113,6
NAICS_6,334118,6
NAICS_6,334119,6
NAICS_6,334210,6
NAICS_6,334220,6
NAICS_6,334290,6
NAICS_6,334310,6
NAICS_6,334411,6
NAICS_6,334412,6
NAICS_6,334413,6
NAICS_6,334414,6
NAICS_6,334415,6
NAICS_6,334416,6
NAICS_6,334417,6
NAICS_6,334418,6
NAICS_6,334419,6
NAICS_6,334510,6
NAICS_6,334511,6
NAICS_6,334512,6
NAICS_6,334513,6
NAICS_6,334514,6
NAICS_6,334515,6
NAICS_6,334516,6
NAICS_6,334517,6
NAICS_6,334518,6
NAICS_6,334519,6
NAICS_6,334610,6
NAICS_6,334611,6
NAICS_6,334612,6
NAICS_6,334613,6
NAICS_6,334614,6
NAICS_6,335110,6
NAICS_6,335121,6
NAICS_6,335122,6
NAICS_6,335129,6
NAICS_6,335131,6
NAICS_6,335132,6
NAICS_6,335139,6
NAICS_6,335210,6
NAICS_6,335211,6
NAICS_6,335212,6
NAICS_6,335220,6
NAICS_6,335221,6
NAICS_6,335222,6
NAICS_6,335224,6
NAICS_6,335228,6
NAICS_6,335311,6
NAICS_6,335312,6
NAICS_6,335313,6
NAICS_6,335314,6
NAICS_6,335910,6
NAICS_6,335911,6
NAICS_6,335912,6
NAICS_6,335921,6
NAICS_6,335929,6
NAICS_6,335931,6
NAICS_6,335932,6
NAICS_6,335991,6
NAICS_6,335999,6
NAICS_6,336110,6
NAICS_6,336111,6
NAICS_6,336112,6
NAICS_6,336120,6
NAICS_6,336211,6
NAICS_6,336212,6
NAICS_6,336213,6
NAICS_6,336214,6
NAICS_6,336310,6
NAICS_6,336311,6
NAICS_6,336312,6
NAICS_6,336320,6
NAICS_6,336321,6
NAICS_6,336322,6
NAICS_6,336330,6
NAICS_6,336340,6
NAICS_6,336350,6
NAICS_6,336360,6
NAICS_6,336370,6
NAICS_6,336390,6
NAICS_6,336391,6
NAICS_6,336399,6
NAICS_6,336411,6
NAICS_6,336412,6
NAICS_6,336413,6
NAICS_6,336414,6
NAICS_6,336415,6
NAICS_6,336419,6
NAICS_6,336510,6
NAICS_6,336611,6
NAICS_6,336612,6
NAICS_6,336991,6
NAICS_6,336992,6
NAICS_6,336999,6
NAICS_6,337110,6
NAICS_6,337121,6
NAICS_6,337122,6
NAICS_6,337124,6
NAICS_6,337125,6
NAICS_6,337126,6
NAICS_6,337127,6
NAICS_6,337129,6
NAICS_6,337211,6
NAICS_6,337212,6
NAICS_6,337214,6
NAICS_6,337215,6
NAICS_6,337910,6
NAICS_6,337920,6
NAICS_6,339111,6
NAICS_6,339112,6
NAICS_6,339113,6
NAICS_6,339114,6
NAICS_6,339115,6
NAICS_6,339116,6
NAICS_6,339910,6
NAICS_6,339911,6
NAICS_6,339912,6
NAICS_6,339913,6
NAICS_6,339914,6
NAICS_6,339920,6
NAICS_6,339930,6
NAICS_6,339931,6
NAICS_6,339932,6
NAICS_6,339940,6
NAICS_6,339941,6
NAICS_6,339942,6
NAICS_6,339943,6
NAICS_6,339944,6
NAICS_6,339950,6
NAICS_6,339991,6
NAICS_6,339992,6
NAICS_6,339993,6
NAICS_6,339994,6
NAICS_6,339995,6
NAICS_6,339999,6
NAICS_6,423110,6
NAICS_6,423120,6
NAICS_6,423130,6
NAICS_6,423140,6
NAICS_6,423210,6
NAICS_6,423220,6
NAICS_6,423310,6
NAICS_6,423320,6
NAICS_6,423330,6
NAICS_6,423390,6
NAICS_6,423410,6
NAICS_6,423420,6
NAICS_6,423430,6
NAICS_6,423440,6
NAICS_6,423450,6
NAICS_6,423460,6
NAICS_6,423490,6
NAICS_6,423510,6
NAICS_6,423520,6
NAICS_6,423610,6
NAICS_6,423620,6
NAICS_6,423690,6
NAICS_6,423710,6
NAICS_6,423720,6
NAICS_6,423730,6
NAICS_6,423740,6
NAICS_6,423810,6
NAICS_6,423820,6
NAICS_6,423830,6
NAICS_6,423840,6
NAICS_6,423850,6
NAICS_6,423860,6
NAICS_6,423910,6
NAICS_6,423920,6
NAICS_6,423930,6
NAICS_6,423940,6
NAICS_6,423990,6
NAICS_6,424110,6
NAICS_6,424120,6
NAICS_6,424130,6
NAICS_6,424210,6
NAICS_6,424310,6
NAICS_6,424320,6
NAICS_6,424330,6
NAICS_6,424340,6
NAICS_6,424350,6
NAICS_6,424410,6
NAICS_6,424420,6
NAICS_6,424430,6
NAICS_6,424440,6
NAICS_6,424450,6
NAICS_6,424460,6
NAICS_6,424470,6
NAICS_6,424480,6
NAICS_6,424490,6
NAICS_6,424510,6
NAICS_6,424520,6
NAICS_6,424590,6
NAICS_6,424610,6
NAICS_6,424690,6
NAICS_6,424710,6
NAICS_6,424720,6
NAICS_6,424810,6
NAICS_6,424820,6
NAICS_6,424910,6
NAICS_6,424920,6
NAICS_6,424930,6
NAICS_6,424940,6
NAICS_6,424950,6
NAICS_6,424990,6
NAICS_6,425110,6
NAICS_6,425120,6
NAICS_6,441110,6
NAICS_6,441120,6
NAICS_6,441210,6
NAICS_6,441221,6
NAICS_6,441222,6
NAICS_6,441227,6
NAICS_6,441228,6
NAICS_6,441229,6
NAICS_6,441310,6
NAICS_6,441320,6
NAICS_6,441330,6
NAICS_6,441340,6
NAICS_6,442110,6
NAICS_6,442210,6
NAICS_6,442291,6
NAICS_6,442299,6
NAICS_6,443111,6
NAICS_6,443112,6
NAICS_6,443120,6
NAICS_6,443130,6
NAICS_6,443141,6
NAICS_6,443142,6
NAICS_6,444110,6
NAICS_6,444120,6
NAICS_6,444130,6
NAICS_6,444140,6
NAICS_6,444180,6
NAICS_6,444190,6
NAICS_6,444210,6
NAICS_6,444220,6
NAICS_6,444230,6
NAICS_6,444240,6
NAICS_6,445110,6
NAICS_6,445120,6
NAICS_6,445131,6
NAICS_6,445132,6
NAICS_6,445210,6
NAICS_6,445220,6
NAICS_6,445230,6
NAICS_6,445240,6
NAICS_6,445250,6
NAICS_6,445291,6
NAICS_6,445292,6
NAICS_6,445298,6
NAICS_6,445299,6
NAICS_6,445310,6
NAICS_6,445320,6
NAICS_6,446110,6
NAICS_6,446120,6
NAICS_6,446130,6
NAICS_6,446191,6
NAICS_6,446199,6
NAICS_6,447110,6
NAICS_6,447190,6
NAICS_6,448110,6
NAICS_6,448120,6
NAICS_6,448130,6
NAICS_6,448140,6
NAICS_6,448150,6
NAICS_6,448190,6
NAICS_6,448210,6
NAICS_6,448310,6
NAICS_6,448320,6
NAICS_6,449110,6
NAICS_6,449121,6
NAICS_6,449122,6
NAICS_6,449129,6
NAICS_6,449210,6
NAICS_6,451110,6
NAICS_6,451120,6
NAICS_6,451130,6
NAICS_6,451140,6
NAICS_6,451211,6
NAICS_6,451212,6
NAICS_6,451220,6
NAICS_6,452111,6
NAICS_6,452112,6
NAICS_6,452210,6
NAICS_6,452311,6
NAICS_6,452319,6
NAICS_6,452910,6
NAICS_6,452990,6
NAICS_6,453110,6
NAICS_6,453210,6
NAICS_6,453220,6
NAICS_6,453310,6
NAICS_6,453910,6
NAICS_6,453920,6
NAICS_6,453930,6
NAICS_6,453991,6
NAICS_6,453998,6
NAICS_6,454110,6
NAICS_6,454111,6
NAICS_6,454112,6
NAICS_6,454113,6
NAICS_6,454210,6
NAICS_6,454310,6
NAICS_6,454311,6
NAICS_6,454312,6
NAICS_6,454319,6
NAICS_6,454390,6
NAICS_6,455110,6
NAICS_6,455211,6
NAICS_6,455219,6
NAICS_6,456110,6
NAICS_6,456120,6
NAICS_6,456130,6
NAICS_6,456191,6
NAICS_6,456199,6
NAICS_6,457110,6
NAICS_6,457120,6
NAICS_6,457210,6
NAICS_6,458110,6
NAICS_6,458210,6
NAICS_6,458310,6
NAICS_6,458320,6
NAICS_6,459110,6
NAICS_6,459120,6
NAICS_6,459130,6
NAICS_6,459140,6
NAICS_6,459210,6
NAICS_6,459310,6
NAICS_6,459410,6
NAICS_6,459420,6
NAICS_6,459510,6
NAICS_6,459910,6
NAICS_6,459920,6
NAICS_6,459930,6
NAICS_6,459991,6
NAICS_6,459999,6
NAICS_6,481111,6
NAICS_6,481112,6
NAICS_6,481211,6
NAICS_6,481212,6
NAICS_6,481219,6
NAICS_6,482111,6
NAICS_6,482112,6
NAICS_6,483111,6
NAICS_6,483112,6
NAICS_6,483113,6
NAICS_6,483114,6
NAICS_6,483211,6
NAICS_6,483212,6
NAICS_6,484110,6
NAICS_6,484121,6
NAICS_6,484122,6
NAICS_6,484210,6
NAICS_6,484220,6
NAICS_6,484230,6
NAICS_6,485111,6
NAICS_6,485112,6
NAICS_6,485113,6
NAICS_6,485119,6
NAICS_6,485210,6
NAICS_6,485310,6
NAICS_6,485320,6
NAICS_6,485410,6
NAICS_6,485510,6
NAICS_6,485991,6
NAICS_6,485999,6
NAICS_6,486110,6
NAICS_6,486210,6
NAICS_6,486910,6
NAICS_6,486990,6
NAICS_6,487110,6
NAICS_6,487210,6
NAICS_6,487990,6
NAICS_6,488111,6
NAICS_6,488119,6
NAICS_6,488190,6
NAICS_6,488210,6
NAICS_6,488310,6
NAICS_6,488320,6
NAICS_6,488330,6
NAICS_6,488390,6
NAICS_6,488410,6
NAICS_6,488490,6
NAICS_6,488510,6
NAICS_6,488991,6
NAICS_6,488999,6
NAICS_6,491110,6
NAICS_6,492110,6
NAICS_6,492210,6
NAICS_6,493110,6
NAICS_6,493120,6
NAICS_6,493130,6
NAICS_6,493190,6
NAICS_6,511110,6
NAICS_6,511120,6
NAICS_6,511130,6
NAICS_6,511140,6
NAICS_6,511191,6
NAICS_6,511199,6
NAICS_6,511210,6
NAICS_6,512110,6
NAICS_6,512120,6
NAICS_6,512131,6
NAICS_6,512132,6
NAICS_6,512191,6
NAICS_6,512199,6
NAICS_6,512210,6
NAICS_6,512220,6
NAICS_6,512230,6
NAICS_6,512240,6
NAICS_6,512250,6
NAICS_6,512290,6
NAICS_6,513110,6
NAICS_6,513120,6
NAICS_6,513130,6
NAICS_6,513140,6
NAICS_6,513191,6
NAICS_6,513199,6
NAICS_6,513210,6
NAICS_6,515111,6
NAICS_6,515112,6
NAICS_6,515120,6
NAICS_6,515210,6
NAICS_6,516110,6
NAICS_6,516120,6
NAICS_6,516210,6
NAICS_6,517110,6
NAICS_6,517111,6
NAICS_6,517112,6
NAICS_6,517121,6
NAICS_6,517122,6
NAICS_6,517210,6
NAICS_6,517211,6
NAICS_6,517212,6
NAICS_6,517310,6
NAICS_6,517311,6
NAICS_6,517312,6
NAICS_6,517410,6
NAICS_6,517510,6
NAICS_6,517810,6
NAICS_6,517910,6
NAICS_6,517911,6
NAICS_6,517919,6
NAICS_6,518111,6
NAICS_6,518112,6
NAICS_6,518210,6
NAICS_6,519110,6
NAICS_6,519120,6
NAICS_6,519130,6
NAICS_6,519190,6
NAICS_6,519210,6
NAICS_6,519290,6
NAICS_6,521110,6
NAICS_6,522110,6
NAICS_6,522120,6
NAICS_6,522130,6
NAICS_6,522180,6
NAICS_6,522190,6
NAICS_6,522210,6
NAICS_6,522220,6
NAICS_6,522291,6
NAICS_6,522292,6
NAICS_6,522293,6
NAICS_6,522294,6
NAICS_6,522298,6
NAICS_6,522299,6
NAICS_6,522310,6
NAICS_6,522320,6
NAICS_6,522390,6
NAICS_6,523110,6
NAICS_6,523120,6
NAICS_6,523130,6
NAICS_6,523140,6
NAICS_6,523150,6
NAICS_6,523160,6
NAICS_6,523210,6
NAICS_6,523910,6
NAICS_6,523920,6
NAICS_6,523930,6
NAICS_6,523940,6
NAICS_6,523991,6
NAICS_6,523999,6
NAICS_6,524113,6
NAICS_6,524114,6
NAICS_6,524126,6
NAICS_6,524127,6
NAICS_6,524128,6
NAICS_6,524130,6
NAICS_6,524210,6
NAICS_6,524291,6
NAICS_6,524292,6
NAICS_6,524298,6
NAICS_6,525110,6
NAICS_6,525120,6
NAICS_6,525190,6
NAICS_6,525910,6
NAICS_6,525920,6
NAICS_6,525930,6
NAICS_6,525990,6
NAICS_6,531110,6
NAICS_6,531120,6
NAICS_6,531130,6
NAICS_6,531190,6
NAICS_6,531210,6
NAICS_6,531311,6
NAICS_6,531312,6
NAICS_6,531320,6
NAICS_6,531390,6
NAICS_6,532111,6
NAICS_6,532112,6
NAICS_6,532120,6
NAICS_6,532210,6
NAICS_6,532220,6
NAICS_6,532230,6
NAICS_6,532281,6
NAICS_6,532282,6
NAICS_6,532283,6
NAICS_6,532284,6
NAICS_6,532289,6
NAICS_6,532291,6
NAICS_6,532292,6
NAICS_6,532299,6
NAICS_6,532310,6
NAICS_6,532411,6
NAICS_6,532412,6
NAICS_6,532420,6
NAICS_6,532490,6
NAICS_6,533110,6
NAICS_6,541110,6
NAICS_6,541120,6
NAICS_6,541191,6
NAICS_6,541199,6
NAICS_6,541211,6
NAICS_6,541213,6
NAICS_6,541214,6
NAICS_6,541219,6
NAICS_6,541310,6
NAICS_6,541320,6
NAICS_6,541330,6
NAICS_6,541340,6
NAICS_6,541350,6
NAICS_6,541360,6
NAICS_6,541370,6
NAICS_6,541380,6
NAICS_6,541410,6
NAICS_6,541420,6
NAICS_6,541430,6
NAICS_6,541490,6
NAICS_6,541511,6
NAICS_6,541512,6
NAICS_6,541513,6
NAICS_6,541519,6
NAICS_6,541611,6
NAICS_6,541612,6
NAICS_6,541613,6
NAICS_6,541614,6
NAICS_6,541618,6
NAICS_6,541620,6
NAICS_6,541690,6
NAICS_6,541710,6
NAICS_6,541711,6
NAICS_6,541712,6
NAICS_6,541713,6
NAICS_6,541714,6
NAICS_6,541715,6
NAICS_6,541720,6
NAICS_6,541810,6
NAICS_6,541820,6
NAICS_6,541830,6
NAICS_6,541840,6
NAICS_6,541850,6
NAICS_6,541860,6
NAICS_6,541870,6
NAICS_6,541890,6
NAICS_6,541910,6
NAICS_6,541921,6
NAICS_6,541922,6
NAICS_6,541930,6
NAICS_6,541940,6
NAICS_6,541990,6
NAICS_6,551111,6
NAICS_6,551112,6
NAICS_6,551114,6
NAICS_6,561110,6
NAICS_6,561210,6
NAICS_6,561310,6
NAICS_6,561311,6
NAICS_6,561312,6
NAICS_6,561320,6
NAICS_6,561330,6
NAICS_6,561410,6
NAICS_6,561421,6
NAICS_6,561422,6
NAICS_6,561431,6
NAICS_6,561439,6
NAICS_6,561440,6
NAICS_6,561450,6
NAICS_6,561491,6
NAICS_6,561492,6
NAICS_6,561499,6
NAICS_6,561510,6
NAICS_6,561520,6
NAICS_6,561591,6
NAICS_6,561599,6
NAICS_6,561611,6
NAICS_6,561612,6
NAICS_6,561613,6
NAICS_6,561621,6
NAICS_6,561622,6
NAICS_6,561710,6
NAICS_6,561720,6
NAICS_6,561730,6
NAICS_6,561740,6
NAICS_6,561790,6
NAICS_6,561910,6
NAICS_6,561920,6
NAICS_6,561990,6
NAICS_6,562111,6
NAICS_6,562112,6
NAICS_6,562119,6
NAICS_6,562211,6
NAICS_6,562212,6
NAICS_6,562213,6
NAICS_6,562219,6
NAICS_6,562910,6
NAICS_6,562920,6
NAICS_6,562991,6
NAICS_6,562998,6
NAICS_6,611110,6
NAICS_6,611210,6
NAICS_6,611310,6
NAICS_6,611410,6
NAICS_6,611420,6
NAICS_6,611430,6
NAICS_6,611511,6
NAICS_6,611512,6
NAICS_6,611513,6
NAICS_6,611519,6
NAICS_6,611610,6
NAICS_6,611620,6
NAICS_6,611630,6
NAICS_6,611691,6
NAICS_6,611692,6
NAICS_6,611699,6
NAICS_6,611710,6
NAICS_6,621111,6
NAICS_6,621112,6
NAICS_6,621210,6
NAICS_6,621310,6
NAICS_6,621320,6
NAICS_6,621330,6
NAICS_6,621340,6
NAICS_6,621391,6
NAICS_6,621399,6
NAICS_6,621410,6
NAICS_6,621420,6
NAICS_6,621491,6
NAICS_6,621492,6
NAICS_6,621493,6
NAICS_6,621498,6
NAICS_6,621511,6
NAICS_6,621512,6
NAICS_6,621610,6
NAICS_6,621910,6
NAICS_6,621991,6
NAICS_6,621999,6
NAICS_6,622110,6
NAICS_6,622210,6
NAICS_6,622310,6
NAICS_6,623110,6
NAICS_6,623210,6
NAICS_6,623220,6
NAICS_6,623311,6
NAICS_6,623312,6
NAICS_6,623990,6
NAICS_6,624110,6
NAICS_6,624120,6
NAICS_6,624190,6
NAICS_6,624210,6
NAICS_6,624221,6
NAICS_6,624229,6
NAICS_6,624230,6
NAICS_6,624310,6
NAICS_6,624410,6
NAICS_6,711110,6
NAICS_6,711120,6
NAICS_6,711130,6
NAICS_6,711190,6
NAICS_6,711211,6
NAICS_6,711212,6
NAICS_6,711219,6
NAICS_6,711310,6
NAICS_6,711320,6
NAICS_6,711410,6
NAICS_6,711510,6
NAICS_6,712110,6
NAICS_6,712120,6
NAICS_6,712130,6
NAICS_6,712190,6
NAICS_6,713110,6
NAICS_6,713120,6
NAICS_6,713210,6
NAICS_6,713290,6
NAICS_6,713910,6
NAICS_6,713920,6
NAICS_6,713930,6
NAICS_6,713940,6
NAICS_6,713950,6
NAICS_6,713990,6
NAICS_6,721110,6
NAICS_6,721120,6
NAICS_6,721191,6
NAICS_6,721199,6
NAICS_6,721211,6
NAICS_6,721214,6
NAICS_6,721310,6
NAICS_6,722110,6
NAICS_6,722211,6
NAICS_6,722212,6
NAICS_6,722213,6
NAICS_6,722310,6
NAICS_6,722320,6
NAICS_6,722330,6
NAICS_6,722410,6
NAICS_6,722511,6
NAICS_6,722513,6
NAICS_6,722514,6
NAICS_6,722515,6
NAICS_6,811111,6
NAICS_6,811112,6
NAICS_6,811113,6
NAICS_6,811114,6
NAICS_6,811118,6
NAICS_6,811121,6
NAICS_6,811122,6
NAICS_6,811191,6
NAICS_6,811192,6
NAICS_6,811198,6
NAICS_6,811210,6
NAICS_6,811211,6
NAICS_6,811212,6
NAICS_6,811213,6
NAICS_6,811219,6
NAICS_6,811310,6
NAICS_6,811411,6
NAICS_6,811412,6
NAICS_6,811420,6
NAICS_6,811430,6
NAICS_6,811490,6
NAICS_6,812111,6
NAICS_6,812112,6
NAICS_6,812113,6
NAICS_6,812191,6
NAICS_6,812199,6
NAICS_6,812210,6
NAICS_6,812220,6
NAICS_6,812310,6
NAICS_6,812320,6
NAICS_6,812331,6
NAICS_6,812332,6
NAICS_6,812910,6
NAICS_6,812921,6
NAICS_6,812922,6
NAICS_6,812930,6
NAICS_6,812990,6
NAICS_6,813110,6
NAICS_6,813211,6
NAICS_6,813212,6
NAICS_6,813219,6
NAICS_6,813311,6
NAICS_6,813312,6
NAICS_6,813319,6
NAICS_6,813410,6
NAICS_6,813910,6
NAICS_6,813920,6
NAICS_6,813930,6
NAICS_6,813940,6
NAICS_6,813990,6
NAICS_6,814110,6
NAICS_6,921110,6
NAICS_6,921120,6
NAICS_6,921130,6
NAICS_6,921140,6
NAICS_6,921150,6
NAICS_6,921190,6
NAICS_6,922110,6
NAICS_6,922120,6
NAICS_6,922130,6
NAICS_6,922140,6
NAICS_6,922150,6
NAICS_6,922160,6
NAICS_6,922190,6
NAICS_6,923110,6
NAICS_6,923120,6
NAICS_6,923130,6
NAICS_6,923140,6
NAICS_6,924110,6
NAICS_6,924120,6
NAICS_6,925110,6
NAICS_6,925120,6
NAICS_6,926110,6
NAICS_6,926120,6
NAICS_6,926130,6
NAICS_6,926140,6
NAICS_6,926150,6
NAICS_6,927110,6
NAICS_6,928110,6
NAICS_6,928120,6
NAICS_6,F01000,6
NAICS_6,F04000,6
NAICS_6,F05000,6
NAICS_6,S00101,6
NAICS_6,S00201,6
NAICS_6,S00202,6
NAICS_6,S00203,6
NAICS_7,111120A,7
NAICS_7,111120B,7
NAICS_7,111120C,7
NAICS_7,111120D,7
NAICS_7,111120E,7
NAICS_7,111120F,7
NAICS_7,111120G,7
NAICS_7,111120H,7
NAICS_7,111130A,7
NAICS_7,111130B,7
NAICS_7,111130C,7
NAICS_7,111130D,7
NAICS_7,111130E,7
NAICS_7,111130G,7
NAICS_7,111130H,7
NAICS_7,111130I,7
NAICS_7,111130J,7
NAICS_7,111150A,7
NAICS_7,111150B,7
NAICS_7,111150C,7
NAICS_7,111199A,7
NAICS_7,111199B,7
NAICS_7,111199C,7
NAICS_7,111199D,7
NAICS_7,111199E,7
NAICS_7,111199F,7
NAICS_7,111199G,7
NAICS_7,111199H,7
NAICS_7,111199I,7
NAICS_7,111199J,7
NAICS_7,111199K,7
NAICS_7,111211A,7
NAICS_7,111211B,7
NAICS_7,111219A,7
NAICS_7,111219B,7
NAICS_7,111219C,7
NAICS_7,111219D,7
NAICS_7,111219E,7
NAICS_7,111219F,7
NAICS_7,111219G,7
NAICS_7,111219H,7
NAICS_7,111219I,7
NAICS_7,111219J,7
NAICS_7,111219K,7
NAICS_7,111219L,7
NAICS_7,111219M,7
NAICS_7,111219N,7
NAICS_7,111219P,7
NAICS_7,111219Q,7
NAICS_7,111219R,7
NAICS_7,111219T,7
NAICS_7,111219U,7
NAICS_7,111219V,7
NAICS_7,111219W,7
NAICS_7,111219X,7
NAICS_7,111219Y,7
NAICS_7,111219Z,7
NAICS_7,111421A,7
NAICS_7,111421B,7
NAICS_7,111930A,7
NAICS_7,111930B,7
NAICS_7,111940A,7
NAICS_7,111940B,7
NAICS_7,111991A,7
NAICS_7,111991B,7
NAICS_7,111998A,7
NAICS_7,111998B,7
NAICS_7,111998C,7
NAICS_7,111998D,7
NAICS_7,111998E,7
NAICS_7,111998F,7
NAICS_7,111998G,7
NAICS_7,111998H,7
NAICS_7,111998I,7
NAICS_7,111998J,7
NAICS_7,111998K,7
NAICS_7,111998L,7
NAICS_7,111998M,7
NAICS_7,111998N,7
NAICS_7,111998O,7
NAICS_7,111998P,7
NAICS_7,111998Q,7
NAICS_7,111998R,7
NAICS_7,111998S,7
NAICS_7,111998T,7
NAICS_7,112130A,7
NAICS_7,112130B,7
NAICS_7,112320A,7
NAICS_7,112320B,7
NAICS_7,112320C,7
NAICS_7,112390A,7
NAICS_7,112390B,7
NAICS_7,112390C,7
NAICS_7,112390D,7
NAICS_7,112390E,7
NAICS_7,112390F,7
NAICS_7,112390G,7
NAICS_7,112390H,7
NAICS_7,112390J,7
NAICS_7,112390K,7
NAICS_7,112390L,7
NAICS_7,112390M,7
NAICS_7,112390N,7
NAICS_7,112410A,7
NAICS_7,112410B,7
NAICS_7,112910A,7
NAICS_7,112910B,7
NAICS_7,112920A,7
NAICS_7,112920B,7
NAICS_7,112930A,7
NAICS_7,112930B,7
NAICS_7,112990A,7
NAICS_7,112990B,7
NAICS_7,112990C,7
NAICS_7,112990D,7
NAICS_7,112990E,7
NAICS_7,112990F,7
NAICS_7,221112A,7
NAICS_7,221112B,7
NAICS_7,221112C,7
NAICS_7,5622121,7
NAICS_7,5622191,7
NAICS_7,5622192,7
NAICS_7,5629201,7
NAICS_7,5629202,7
NAICS_7,5629203,7
